编号,价格,是否合租,面积,楼层,小区,区域,户型(室),户型(厅),户型(卫),地铁(号线),到地铁的距离
1,1210,合,5,8,骏景花园1,车陂南,4,1,1,4,900
2,1670,合,10,3,富力天朗明居S区,车陂,3,1,1,4,350
3,1210,合,9,3,盈彩美居碧彩轩,三溪,4,1,1,5,1150
4,1250,合,10,18,盈彩美居碧彩轩,三溪,4,1,1,5,1150
5,1880,合,14,10,骏景花园1,车陂南,4,1,1,4,900
6,1430,合,12,6,盈彩美居,三溪,3,1,1,5,1150
7,1300,合,12,6,盈彩美居,三溪,5,1,1,5,1150
8,1840,合,13,20,暨南花园,岗顶,4,1,1,3,650
9,1790,合,9,8,时尚明苑,车陂,4,1,1,4,100
10,1260,合,10,13,荷塘月色星悦居,白云文化广场,4,1,1,12,600
11,1580,合,10,9,美林海岸花园临江湾,科韵路,6,1,2,5,850
12,1320,合,10,2,盈彩美居,三溪,3,1,1,5,1150
13,1280,合,12,13,荷塘月色星悦居,白云文化广场,4,1,1,12,600
14,1420,合,14,25,景安花园,三溪,5,1,1,5,1650
15,1560,合,13,8,东圃法院宿舍小区,东圃,4,1,1,5,700
16,1480,合,9,12,骏景花园1,车陂南,4,1,1,4,900
17,1490,合,13,6,天韵阁,科韵路,3,1,1,5,400
18,1490,合,13,11,荷塘月色星怡居,白云文化广场,3,1,1,12,650
19,1430,合,12,12,智景花苑,车陂,4,1,1,4,500
20,1570,合,30,7,景安花园,三溪,5,1,1,5,1650
21,1800,合,13,7,华景路暨大教工宿舍,华景路,3,1,1,11,100
22,1650,合,10,11,金碧花园第三金碧,石溪,4,1,1,-1,300
23,1710,合,15,6,东方明珠花苑,白云文化广场,4,1,1,2,550
24,1100,合,7,14,智景花苑,车陂,4,1,1,4,500
25,1720,合,16,13,兰亭盛荟,东圃,4,1,1,5,650
26,1620,合,14,7,华景新城芳满庭园,华景路,4,1,1,11,900
27,1600,合,7,5,兰亭上东,潭村,3,1,1,5,750
28,1670,合,14,10,罗马家园,沥滘,5,1,1,3,600
29,1740,合,10,4,远洋宿舍,体育西路,4,1,1,1,500
30,1720,合,10,5,广州体育学院,林和西,4,1,1,3,550
31,1730,合,9,19,美林海岸花园,科韵路,6,1,2,5,650
32,1160,合,7,17,盈彩美居云彩轩,三溪,4,1,1,5,1000
33,1500,合,12,2,淘金路小区,淘金,3,1,1,5,500
34,1270,合,6,11,骏景花园1,车陂南,5,1,1,4,900
35,1330,合,8,4,美林湖畔花园,三溪,4,1,1,5,550
36,1800,合,10,9,顺华名庭,中大,3,1,1,8,600
37,1930,合,11,23,琶洲安置新社区,赤岗,4,1,1,8,700
38,1750,合,13,11,逸景翠园,鹭江,4,1,1,8,1350
39,1770,合,12,19,金碧花园第二金碧,石溪,4,1,1,-1,300
40,1590,合,14,5,南洲名苑,南洲,4,1,1,2,350
41,1540,合,8,6,麓景东大院,小北,4,1,1,5,600
42,1270,合,10,16,东尚明苑,黄村（广州）,4,1,1,4,850
43,1490,合,11,13,华景新城逸悦居,华景路,4,1,1,11,800
44,1450,合,8,16,富力天朗明居S区,车陂,3,1,1,4,350
45,1510,合,7,23,翠湖山庄,天河公园,4,1,1,21,1000
46,1840,合,13,26,华景新城逸悦居,华景路,4,1,1,11,800
47,1720,合,23,24,汇和大厦,江夏,5,1,1,2,250
48,1630,合,22,10,春江花园,棠东,4,1,1,4,650
49,1620,合,12,11,光大花园榕岸,沙园,5,1,1,8,550
50,1130,合,8,4,迎海花园,黄村（广州）,4,1,1,4,900
51,1400,合,8,2,美林海岸花园水晶轩,员村,3,1,1,5,850
52,1510,合,8,27,富景花园,中大,4,1,1,8,350
53,1380,合,11,5,华景新城胜景楼,华景路,4,1,1,11,400
54,1350,合,9,3,棠雅苑,天河公园,4,1,1,21,1250
55,1570,合,11,9,海印南苑三期,晓港,4,1,1,8,1050
56,1620,合,19,4,保利花园镜湖西街,燕岗,3,1,1,11,400
57,1940,合,11,19,博雅轩,广州东站,3,1,1,1,700
58,1560,合,12,4,新港西远洋宿舍,中大,3,1,1,8,600
59,1490,合,11,2,华景新城沁馥佳苑,华景路,4,1,1,11,400
60,1840,合,13,30,富基广场,市二宫,4,1,1,2,350
61,1520,合,9,4,嘉仕花园,中大,3,1,1,8,950
62,1380,合,9,8,美林湖畔花园,三溪,4,1,1,5,550
63,1530,合,14,12,如意中心,洛溪,4,1,1,2,600
64,1370,合,11,1,东方明珠花苑,白云文化广场,5,2,2,2,550
65,1280,合,7,2,富力天朗明居N区,棠东,4,1,1,4,450
66,1320,合,8,7,车陂检察院宿舍,车陂,4,1,1,4,500
67,1890,合,22,2,珠江熙苑,车陂,4,1,1,4,700
68,1910,合,9,11,蓝色康园,鹭江,4,1,1,8,950
69,1440,合,6,9,时尚明苑,车陂,4,1,1,4,100
70,1570,合,17,8,盈彩美居,三溪,3,1,1,5,1150
71,1630,合,14,8,新燕花园D区,燕塘,4,1,1,3,350
72,1780,合,17,4,金富苑,华师,4,1,1,3,450
73,2060,合,10,2,龙口小区,岗顶,4,1,1,3,200
74,1250,合,12,16,东尚明苑,黄村（广州）,8,1,2,4,850
75,1400,合,14,3,天河广场,车陂,4,1,1,4,800
76,1830,合,14,5,金碧花园第一金碧,石溪,4,1,1,-1,400
77,1930,合,13,7,佳信花园会展星城,赤岗,4,1,1,8,550
78,1240,合,17,6,景观苑,飞翔公园,4,1,1,2,800
79,1700,合,10,7,嘉仕花园名仕阁,中大,3,1,1,8,950
80,1480,合,16,6,旭景家园D区,黄村（广州）,4,1,1,4,1000
81,1250,合,11,6,云华楼,梅花园,3,1,1,3,800
82,1260,合,10,6,云和花园,同和,4,1,1,3,500
83,1200,合,7,3,旭景家园A区,黄村（广州）,3,1,1,4,800
84,1090,合,11,3,大沙地西路5号大院,大沙地,4,1,1,5,100
85,1750,合,20,3,雅怡阁,车陂,4,1,1,4,900
86,1720,合,10,4,远洋宿舍,体育西路,4,1,1,1,500
87,1610,合,10,10,兰亭颖园,市二宫,3,1,1,2,300
88,1790,合,17,6,叠彩园金桦轩,鹭江,4,1,1,8,1050
89,1640,合,15,8,心江南,石溪,4,1,1,-1,800
90,1530,合,10,5,光大花园榕景四季,沙园,4,1,1,8,500
91,1510,合,13,4,五星阁,燕塘,4,1,1,3,650
92,1980,合,14,5,大家庭花园,琶洲,3,1,1,8,350
93,1920,合,15,3,大家庭花园,琶洲,4,1,1,8,350
94,1540,合,13,7,五仙花园,天平架,3,1,1,6,850
95,1420,合,12,3,滨江中路328号,市二宫,4,1,1,2,700
96,1790,合,18,9,骏景花园1,车陂南,3,1,1,4,900
97,1620,合,11,5,英联大厦,江南西,3,1,1,2,100
98,1190,合,6,13,半山雍景苑,五山,4,1,1,3,1600
99,1520,合,10,6,金碧花园第三金碧,石溪,4,1,1,-1,300
100,1310,合,9,10,天河广场,车陂,4,1,1,4,800
101,1610,合,15,9,时代花园,飞翔公园,4,1,1,2,1200
102,1190,合,9,4,富力新村,车陂,4,1,1,4,1000
103,2240,合,9,17,星汇雅苑,潭村,3,1,1,5,500
104,1760,合,12,3,南兴花园楼梯区,天河客运站,3,1,1,3,950
105,1690,合,12,5,海富花园B区,江泰路,4,1,1,2,250
106,1610,合,12,12,金碧都市广场,石溪,4,1,1,-1,50
107,1490,合,11,1,金坤花园,燕塘,4,1,1,3,800
108,1960,合,12,3,远东大厦,林和西,3,1,1,3,700
109,1760,合,13,21,远锋大厦,凤凰新村,4,1,1,8,350
110,1630,合,8,5,淘金路小区,淘金,4,1,1,5,500
111,1570,合,16,7,今日丽舍,大石,4,1,1,3,750
112,1470,合,9,8,时代新世界中心,天平架,4,1,1,6,700
113,1140,合,8,2,龙怡苑,黄村（广州）,4,1,1,4,1300
114,1570,合,10,3,罗马家园,沥滘,3,1,1,3,600
115,1590,合,8,4,省农业科学院西区,华师,4,1,1,3,600
116,1660,合,13,4,怡新花园怡豪阁,梅花园,4,1,1,3,300
117,1530,合,12,2,五仙花园,天平架,4,1,1,6,850
118,1620,合,7,22,帝景大厦,淘金,3,1,1,5,150
119,1740,合,9,2,龙口小区,岗顶,4,1,1,3,200
120,1530,合,13,18,金碧花园第二金碧,石溪,4,1,1,-1,300
121,1740,合,20,4,东圃法院宿舍小区,东圃,4,1,1,5,700
122,1710,合,10,10,凯城华庭,黄花岗,4,1,1,6,50
123,1710,合,10,8,育龙居,植物园,4,1,1,6,300
124,1570,合,8,9,兴禺大厦,广州东站,4,1,1,1,650
125,1690,合,29,8,汇和大厦,江夏,5,1,1,2,250
126,1520,合,8,6,动感华庭,江泰路,3,1,1,2,500
127,1520,合,12,20,天雅居C区,黄村（广州）,4,1,1,4,1100
128,1520,合,10,14,旭景家园A区,黄村（广州）,5,1,1,4,800
129,1520,合,8,14,穗园小区,华师,4,1,1,3,850
130,1280,合,13,5,白云公司宿舍,同和,4,1,1,3,250
131,1530,合,9,3,金碧花园第三金碧,石溪,3,1,1,-1,300
132,1320,合,7,7,罗马家园,沥滘,4,1,1,3,600
133,1590,合,9,10,中旅侨苑,昌岗,3,1,1,8,500
134,1260,合,6,16,碧蓝映居,同福西,3,1,1,8,300
135,1680,合,9,7,泓景花园,赤岗,5,1,1,8,700
136,1560,合,9,10,光大花园中海锦榕湾,沙园,4,1,1,8,350
137,1220,合,8,5,鸿燕居,燕塘,3,1,1,3,200
138,1590,合,8,4,愉景雅苑,鹭江,4,1,1,8,500
139,1920,合,21,18,富力现代广场,凤凰新村,4,1,1,8,300
140,1560,合,18,5,东兴南小区,五羊邨,4,1,1,5,400
141,1500,合,7,13,信和广场,昌岗,3,1,1,8,200
142,1420,合,8,4,加拿大花园,华景路,4,1,1,11,1000
143,1510,合,11,18,岭南新世界,嘉禾望岗,4,1,1,2,750
144,1560,合,11,8,金碧花园第三金碧,石溪,3,1,1,-1,300
145,1590,合,9,4,华乐苑(楼梯),鹭江,4,1,1,8,600
146,1770,合,15,15,东晓花园,晓港,4,1,1,8,650
147,1550,合,9,5,育龙居,植物园,4,1,1,6,300
148,1840,合,15,5,广东省政府大院,体育西路,4,1,1,1,850
149,1780,合,8,12,华景大厦,五羊邨,4,1,1,5,-1
150,1340,合,7,10,尚领时代,石溪,4,1,1,-1,550
151,1800,合,14,5,恒安大厦,天河公园,4,1,1,21,450
152,1570,合,10,16,华翠街小区,天河公园,4,1,1,5,1100
153,2230,合,22,2,骏景花园1,车陂南,4,1,1,4,900
154,1570,合,10,8,晓港湾晓城大厦,东晓南,4,1,1,2,150
155,1580,合,12,15,豪景花园,天平架,3,1,1,6,750
156,1560,合,7,11,中海名都,市二宫,4,1,1,2,750
157,1620,合,9,24,鸿景园,华师,4,1,1,3,550
158,1620,合,7,5,芭堤水岸,鹭江,4,1,1,8,950
159,1140,合,11,4,同和云苑新村,同和,5,1,1,3,400
160,1660,合,15,5,青松园,沙河顶,3,1,1,-1,-1
161,1150,合,8,3,景观苑,飞翔公园,4,1,1,2,800
162,1540,合,16,8,五仙花园,天平架,3,1,1,6,850
163,1650,合,8,24,鸿景园,华师,4,1,1,3,550
164,1310,合,8,20,天河广场,车陂,3,1,1,4,800
165,1350,合,14,7,黄埔雅苑,大沙东,4,1,1,5,550
166,1300,合,11,8,美景花苑,车陂,4,1,1,4,250
167,1360,合,14,11,东圃顺景大厦,东圃,4,1,1,5,1300
168,1590,合,10,6,中海康城花园,黄村（广州）,3,1,1,4,450
169,1390,合,10,9,擎山苑,京溪南方医院,3,1,1,3,800
170,1280,合,10,4,京溪尚苑,京溪南方医院,4,1,1,3,700
171,1370,合,11,2,倚绿山庄,同和,3,1,1,3,550
172,1120,合,14,1,同和云苑新村,同和,4,1,1,3,400
173,1420,合,15,4,梅园大厦,梅花园,3,1,1,3,850
174,1330,合,11,14,燕东大厦,燕塘,3,1,1,3,650
175,1400,合,10,1,橡树园,燕塘,3,1,1,3,900
176,1660,合,14,5,逸景翠园,鹭江,5,1,1,8,1350
177,1610,合,11,11,恒骏花园,京溪南方医院,5,1,2,3,300
178,1480,合,7,11,翠城花园,宝岗大道,4,1,1,8,350
179,2010,合,12,12,华景大厦,五羊邨,4,1,1,5,-1
180,1410,合,15,6,和辉花园,东晓南,4,1,1,2,1100
181,1320,合,7,7,华景新城芳满庭园,华景路,4,1,1,11,900
182,1570,合,6,15,侨怡苑,林和西,3,1,1,3,700
183,1990,合,12,14,祥龙花园,林和西,4,1,1,3,250
184,1380,合,12,6,云景花园云桦苑,京溪南方医院,3,1,1,3,550
185,1410,合,12,11,擎山苑,京溪南方医院,3,1,1,3,800
186,1590,合,10,8,朗晴居一期,市二宫,4,1,1,2,350
187,1560,合,12,2,先烈东横路40号大院,沙河顶,4,1,1,6,450
188,1830,合,18,6,叠彩园金桦轩,鹭江,4,1,1,8,1050
189,1840,合,8,12,广东商业大厦,东山口,4,1,2,1,450
190,1400,合,10,6,景晖苑小区,天河客运站,4,1,1,3,900
191,1310,合,12,6,润祥大厦,京溪南方医院,4,1,1,3,50
192,1900,合,12,11,百利华庭,市二宫,3,1,1,-1,-1
193,1310,合,19,2,东方花园又一村,番禺广场,4,1,1,3,850
194,1780,合,10,12,贤人阁,岗顶,4,1,1,3,400
195,1800,合,12,13,高教花园,磨碟沙,4,1,1,8,250
196,1320,合,11,2,春晖闲庭,永泰,5,1,1,3,300
197,1990,合,18,10,金穗大厦,体育西路,5,1,1,1,700
198,2120,合,13,4,国投宿舍,小北,4,1,1,5,500
199,1880,合,18,2,南兴花园电梯区,天河客运站,4,1,1,3,1000
200,1800,合,10,2,顺景雅苑,中大,3,1,1,8,400
201,1680,合,11,4,云山锦绣家园,白云公园,5,1,1,12,150
202,1290,合,7,5,城市假日园,车陂,4,1,1,4,850
203,1980,合,14,7,青柳大街小区,江南西,4,1,1,-1,-1
204,1420,合,8,4,金丰花园,大塘,4,1,1,3,1200
205,1370,合,7,11,天力居,东圃,4,1,1,5,750
206,1160,合,11,3,东方明珠花苑,白云文化广场,5,1,1,2,550
207,1840,合,14,2,远洋小区,林和西,3,1,1,3,600
208,1940,合,11,17,翠湖山庄,天河公园,4,1,1,21,1000
209,1340,合,9,8,五仙花园,天平架,3,1,1,6,850
210,1180,合,8,2,白云畔山花园,京溪南方医院,4,1,1,3,900
211,1720,合,16,10,顺华名庭,中大,4,1,1,8,600
212,1310,合,13,1,白云畔山花园,京溪南方医院,4,1,1,3,900
213,1070,合,9,1,同和云苑新村,同和,3,1,1,3,400
214,1420,合,9,20,合一国际,同和,4,1,1,3,650
215,1490,合,9,2,华港花园沁园春,华景路,4,1,1,11,200
216,1380,合,8,11,金碧花园第三金碧,石溪,4,1,1,-1,300
217,1990,合,16,4,天河御品,京溪南方医院,3,1,1,3,550
218,1180,合,8,3,金逸雅居,裕丰围,3,1,1,13,200
219,1390,合,12,6,华荟明苑,洛溪,4,1,2,2,650
220,1330,合,10,3,中意花苑,飞翔公园,6,1,2,2,650
221,1330,合,9,7,康隆苑（电梯）,沙园,3,1,1,8,650
222,1530,合,8,7,太阳广场,华师,3,1,1,3,700
223,1200,合,9,12,贝丽花园,飞翔公园,4,1,1,12,1100
224,1010,合,9,4,东方花园又一村,番禺广场,4,1,1,3,850
225,1650,合,7,19,珠江帝景苑悦涛轩,广州塔,4,1,1,3,800
226,1330,合,9,14,南景园君兰轩,江泰路,4,1,1,2,550
227,1250,合,6,26,可逸豪苑,江南西,4,1,1,2,1000
228,1380,合,8,3,华建小区,天河公园,3,1,1,21,550
229,1690,合,9,20,华友大厦,杨箕,5,1,1,5,950
230,1610,合,7,3,珠江帝景苑赏湖轩,广州塔,5,1,1,3,550
231,1000,合,10,6,石化生活区,文冲,4,1,1,5,350
232,1830,合,9,7,珠江帝景苑赏湖轩,广州塔,5,1,1,3,550
233,1530,合,9,9,时代花生二期,天平架,3,1,1,6,700
234,1120,合,7,2,五仙花园,天平架,3,1,1,6,850
235,1010,合,7,3,洛涛居南区,洛溪,4,1,1,-1,-1
236,1450,合,9,15,江燕花园,江泰路,3,1,1,2,250
237,1840,合,19,10,富景花园,中大,3,1,1,8,350
238,1820,合,10,9,新港商厦,磨碟沙,4,1,1,8,300
239,1160,合,9,31,侨基花园,市桥,4,1,1,3,650
240,1850,合,14,3,珠江西苑,广州东站,3,1,1,1,550
241,1120,合,7,5,如意花园,洛溪,3,1,1,2,400
242,1780,合,21,24,金碧花园第二金碧,石溪,4,1,1,-1,300
243,1460,合,9,3,海珠半岛花园,中大,3,1,1,8,1300
244,1210,合,11,7,儒苑小区,江夏,4,1,1,2,400
245,1430,合,13,30,天河广场,车陂,4,1,1,4,800
246,2170,合,15,25,跑马地花园,潭村,5,1,1,5,800
247,2200,合,27,9,骏景花园1,车陂南,4,1,1,4,900
248,1300,合,8,11,云裳丽影,同和,4,1,1,3,450
249,1410,合,9,6,云景名都,京溪南方医院,4,1,1,3,350
250,1170,合,7,21,远锋大厦,凤凰新村,4,1,1,8,350
251,1410,合,8,6,保利林海山庄,植物园,3,1,1,6,650
252,1230,合,8,5,侨诚花园秋月苑,东晓南,3,1,1,2,400
253,1130,合,7,3,侨诚花园秋月苑,东晓南,3,1,1,2,400
254,1010,合,9,9,番禺海关宿舍,番禺广场,4,1,1,3,700
255,1910,合,23,2,春晖闲庭,永泰,5,1,1,3,300
256,1470,合,10,18,南景园清雅轩,江泰路,4,1,1,2,550
257,1150,合,9,4,芙蓉楼,大石,4,1,1,3,400
258,1370,合,9,17,宏宇广场,凤凰新村,3,1,1,8,950
259,1170,合,15,6,怡港花园,裕丰围,4,1,1,13,600
260,1440,合,8,24,海悦大厦,市二宫,4,1,2,2,850
261,1080,合,9,2,同和云苑新村,同和,4,1,1,3,400
262,1350,合,9,23,合一国际,同和,4,1,1,3,650
263,1850,合,14,13,泓景花园,赤岗,4,1,1,8,700
264,1190,合,7,30,天河广场,车陂,4,1,1,4,800
265,1760,合,10,11,富景花园,中大,3,1,1,8,350
266,1320,合,8,19,豪景花园,天平架,3,1,1,6,750
267,1210,合,9,2,金碧雅苑,黄边,4,1,1,2,450
268,1390,合,10,4,益鹏翠苑,南洲,4,1,1,2,550
269,1530,合,9,5,绿茵翠庭,客村,3,1,1,3,1100
270,1220,合,9,3,白云畔山花园,京溪南方医院,4,1,1,3,900
271,1360,合,10,5,景晖苑小区,天河客运站,5,1,1,3,900
272,1490,合,15,9,京溪尚苑,京溪南方医院,4,1,1,3,700
273,2020,合,9,7,安骏大厦,潭村,3,1,1,5,700
274,1160,合,7,4,翠怡小区,江泰路,4,1,1,2,50
275,2000,合,16,5,绿佳花园,燕塘,4,1,1,3,450
276,2370,合,18,16,春晖苑,广州东站,4,1,1,1,1000
277,1350,合,11,11,阳华国花苑,棠东,4,1,1,4,1550
278,1590,合,25,14,智景花苑,车陂,4,1,1,4,500
279,1130,合,10,8,今日丽舍,大石,4,1,1,3,750
280,1510,合,16,7,民航小区康寿街,飞翔公园,3,1,1,2,1050
281,1800,合,25,14,美景花苑,车陂,4,1,1,4,250
282,2010,合,20,14,美景花苑,车陂,4,1,1,4,250
283,1370,合,10,8,金晖花苑,燕塘,4,1,1,3,700
284,2130,合,13,9,中旅侨苑,昌岗,3,1,1,8,500
285,1910,合,9,10,珠江帝景苑赏湖轩,广州塔,4,1,1,3,550
286,2000,合,12,9,丽晶大厦,淘金,3,1,1,5,200
287,1860,合,10,4,文德先生,北京路,3,1,1,6,250
288,1550,合,8,24,鸿景园,华师,4,1,1,3,550
289,1010,合,9,12,东骏苑,番禺广场,4,1,1,-1,-1
290,1330,合,9,1,圣地摩坊公馆,梅花园,4,1,1,3,600
291,1210,合,16,6,港湾三村,大沙地,3,1,1,5,150
292,1470,合,12,7,金碧花园第二金碧,石溪,3,1,1,-1,300
293,1910,合,23,8,光大花园榕上居,沙园,4,1,1,8,500
294,2510,合,17,18,天晖阁,石牌桥,4,1,1,3,550
295,2100,合,9,11,荟雅苑,林和西,4,1,1,3,350
296,2210,合,8,20,丽晶华庭银莱阁,珠江新城,4,1,1,3,500
297,1360,合,18,5,怡港花园,裕丰围,4,1,1,13,600
298,1690,合,27,3,春晖闲庭,永泰,4,1,1,3,300
299,1440,合,7,5,穗园小区,华师,4,1,1,3,850
300,1610,合,55,2,同和云苑新村,同和,4,1,1,3,400
301,1030,合,9,11,东怡新区东雅园,番禺广场,6,1,2,3,700
302,2170,合,13,21,共和西苑,杨箕,4,1,1,-1,-1
303,2050,合,14,10,合生颐景华苑,东晓南,3,1,1,2,200
304,1230,合,10,9,天健上城,棠东,5,1,1,21,1100
305,1530,合,24,17,兴业花园,番禺广场,5,1,1,3,850
306,2400,合,18,10,金穗大厦,体育西路,5,1,1,1,700
307,2430,合,18,11,中海名都,市二宫,4,1,1,2,750
308,1170,合,13,4,云涛花园,同和,4,1,1,3,150
309,1740,合,18,30,兰亭盛荟,东圃,4,1,1,5,650
310,1510,合,16,15,远洋明苑,东圃,3,1,1,5,1450
311,1460,合,10,15,兰亭盛荟,东圃,4,1,1,5,650
312,1240,合,9,6,乐意居花苑,天河客运站,3,1,1,3,1250
313,1850,合,9,5,珠江帝景苑赏湖轩,广州塔,4,1,1,3,550
314,1350,合,7,11,叠彩园翡翠轩,鹭江,4,1,1,8,1100
315,2050,合,19,9,东翠花园,晓港,4,1,1,-1,-1
316,1070,合,11,7,丰乐小区,大沙东,4,1,1,5,450
317,1020,合,17,5,文苑花园,文冲,3,1,1,-1,-1
318,1340,合,10,5,侨乐新村,天平架,4,1,1,6,450
319,1810,合,12,21,御晖苑,林和西,3,1,1,3,1050
320,1910,合,12,3,广信晖景大厦,五羊邨,4,1,1,5,400
321,1270,合,15,3,东怡新区东倩园,番禺广场,4,1,1,3,550
322,1460,合,9,14,旭景家园A区,黄村（广州）,5,1,1,4,800
323,1900,合,23,5,临江花园,员村,4,1,1,-1,-1
324,1320,合,12,4,祥辉苑,大沙东,4,1,1,5,600
325,2060,合,15,7,金沙花园,凤凰新村,4,1,1,-1,-1
326,2500,合,25,2,东方新世界,华景路,3,1,1,11,300
327,1070,合,9,4,儒苑小区,江夏,4,1,1,2,400
328,1340,合,8,18,兰亭盛荟,东圃,4,1,1,5,650
329,1850,合,19,7,顺龙雅居,凤凰新村,4,1,1,8,350
330,1950,合,15,8,翠城花园,宝岗大道,3,1,1,8,350
331,1360,合,7,2,新燕花园C区,燕塘,4,1,1,3,200
332,960,合,9,5,美心翠拥华庭二期,番禺广场,4,1,1,-1,-1
333,2360,合,37,14,梅滨大厦,梅花园,4,1,1,3,700
334,940,合,9,5,东怡新区东雅园,番禺广场,4,1,1,3,700
335,1460,合,18,2,侨诚花园夏晖苑,东晓南,4,1,1,2,250
336,1150,合,7,3,五仙花园,天平架,4,1,1,6,850
337,1400,合,23,2,滨江绿园绿叶居,大石,4,1,1,-1,-1
338,2790,合,25,3,淘金街小区,淘金,3,1,1,5,350
339,900,合,7,3,美心翠拥华庭二期,番禺广场,4,1,1,-1,-1
340,2840,合,17,9,盈嘉花园,猎德,4,1,1,5,350
341,2020,合,21,6,春晖闲庭,永泰,5,1,1,3,300
342,1010,合,7,12,如意中心,洛溪,4,1,1,2,600
343,1980,合,20,7,顺龙雅居,凤凰新村,4,1,1,8,350
344,960,合,7,7,东方明珠花苑,白云文化广场,4,1,1,2,550
345,1110,合,8,8,黄埔雅苑,大沙东,4,1,1,5,550
346,2600,合,24,2,瑞心苑,燕塘,4,1,1,3,800
347,2220,合,15,20,帝景大厦,淘金,4,1,2,5,150
348,1270,合,14,8,集贤苑,嘉禾望岗,4,1,1,2,1100
349,1580,合,19,11,岭南新世界,嘉禾望岗,3,1,1,2,750
350,1310,合,19,9,悦涛雅苑,裕丰围,5,1,1,13,150
351,1850,合,15,23,坚真花园,大塘,4,1,1,3,650
352,1070,合,14,4,石化生活区,文冲,3,1,1,5,350
353,2320,合,20,3,淘金街小区,淘金,3,1,1,5,350
354,1350,合,12,2,黄埔花园,裕丰围,3,1,1,13,700
355,2270,合,22,10,云景花园云枫苑,京溪南方医院,4,1,1,3,550
356,2190,合,15,8,珠江帝景苑克莱国际公寓灏景轩,广州塔,5,1,1,3,500
357,2150,合,29,12,朗晴居一期,市二宫,5,1,1,2,350
358,2210,合,8,37,保利天悦花园,万胜围,4,1,1,8,750
359,2000,合,20,5,保利花园馨竹街,燕岗,4,1,1,11,750
360,930,合,7,3,机关村小区,大沙地,4,1,1,5,500
361,1060,合,8,3,侨基花园,市桥,4,1,1,3,650
362,2140,合,22,11,富景花园,中大,3,1,1,8,350
363,2180,合,17,13,利海假日轩,赤岗,3,1,1,8,600
364,2030,合,14,3,广信晖景大厦,五羊邨,4,1,1,5,400
365,3420,合,22,23,安骏大厦,潭村,4,1,1,5,700
366,910,合,7,9,悦涛雅苑,裕丰围,5,1,1,13,150
367,980,合,9,3,吉祥道小区,洛溪,5,1,1,2,400
368,2800,合,28,4,凯旋大厦,沙河顶,4,1,1,6,150
369,2530,合,22,30,金碧花园第三金碧,石溪,4,1,1,-1,300
370,820,合,6,24,东信华庭,番禺广场,5,1,1,-1,-1
371,3080,合,26,7,珠江帝景苑赏湖轩,广州塔,5,1,1,3,550
372,1510,合,18,4,京溪尚苑,京溪南方医院,4,1,1,3,700
373,1380,合,19,3,民航小区康寿街,飞翔公园,4,1,1,2,1050
374,1400,合,7,6,骏景花园1,车陂南,4,1,1,4,900
375,1360,合,12,2,白云畔山花园,京溪南方医院,4,1,1,3,900
376,1480,合,10,3,时代花生二期,天平架,3,1,1,6,700
377,1380,合,11,2,五仙花园,天平架,3,1,1,6,850
378,1630,合,14,16,美林海岸花园,科韵路,6,1,2,5,650
379,1420,合,8,6,富力现代广场,凤凰新村,4,1,1,8,300
380,1390,合,8,16,富力现代广场,凤凰新村,4,1,1,8,300
381,1010,合,8,6,景观苑,飞翔公园,4,1,1,2,800
382,1250,合,15,4,同和云苑新村,同和,3,1,1,3,400
383,1290,合,10,3,万华花园-四季轩,东晓南,4,1,1,2,550
384,1460,合,15,3,白云交警宿舍,京溪南方医院,4,1,1,3,900
385,1930,合,16,2,金碧花园第三金碧,石溪,4,1,1,-1,300
386,1000,合,7,3,民航小区康寿街,飞翔公园,4,1,1,2,1050
387,1820,合,9,8,广信顺景大厦,杨箕,3,1,1,1,500
388,1100,合,12,4,东秀园,番禺广场,4,1,1,3,500
389,1410,合,8,13,富力现代广场,凤凰新村,4,1,1,8,300
390,1420,合,8,2,骏景花园1,车陂南,4,1,1,4,900
391,1520,合,14,12,五星阁,燕塘,4,1,1,3,650
392,1280,合,10,2,橡树园,燕塘,4,1,1,3,900
393,1090,合,6,6,橡树园,燕塘,4,1,1,3,900
394,1350,合,18,6,黄猄坳路81号家属区,梅花园,4,1,1,3,350
395,1280,合,8,4,源泉广场,长湴,3,1,1,6,550
396,1320,合,9,9,擎山苑,京溪南方医院,4,1,1,3,800
397,1610,合,7,32,芭堤水岸,鹭江,4,1,1,8,950
398,1550,合,11,15,罗马家园,沥滘,3,1,1,3,600
399,1340,合,13,1,白云畔山花园,京溪南方医院,3,1,1,3,900
400,1620,合,8,9,珠江广场,鹭江,4,1,1,8,800
401,1450,合,11,2,恒骏花园,京溪南方医院,4,1,1,3,300
402,1370,合,11,5,金碧花园第二金碧,石溪,4,1,1,-1,300
403,1800,合,15,3,云景花园云桂苑,京溪南方医院,4,1,1,3,300
404,1330,合,10,2,前进路127号,江南西,4,1,1,2,700
405,1710,合,11,2,翠园（广州客村）,客村,6,1,2,3,650
406,1460,合,12,11,侨乐新村,天平架,4,1,1,6,450
407,1960,合,13,6,华苑大厦,体育西路,4,1,1,1,600
408,1790,合,8,24,东海嘉园,杨箕,5,1,1,1,400
409,1330,合,9,13,东景花园,车陂,3,1,1,4,300
410,1490,合,10,7,青柳大街小区,江南西,4,1,1,-1,-1
411,1450,合,9,7,金燕花苑,燕塘,4,1,1,3,300
412,1790,合,16,3,米兰苑,广州塔,4,1,1,3,700
413,1480,合,16,1,白云尚城,江夏,4,1,1,2,200
414,1340,合,10,14,橡树园,燕塘,6,1,2,3,900
415,1640,合,13,11,恒骏花园,京溪南方医院,5,1,2,3,300
416,1880,合,13,2,明月小区明月二路,五羊邨,4,1,1,5,400
417,1370,合,8,5,南洲名苑,南洲,4,1,1,2,350
418,1430,合,7,31,翠屏瀚宇贵都,凤凰新村,4,1,1,-1,-1
419,1340,合,11,4,昌盛小区,凤凰新村,4,1,1,8,350
420,1260,合,16,3,白云制药厂前山宿舍,同和,3,1,1,3,450
421,1640,合,12,4,天河御品,京溪南方医院,3,1,1,3,550
422,1240,合,9,4,富和花园,同和,4,1,1,3,350
423,1290,合,9,13,盈彩美居,三溪,3,1,1,5,1150
424,1440,合,12,2,天河广场,车陂,3,1,1,4,800
425,1730,合,18,2,恒福路62-66号,淘金,3,1,1,5,1000
426,1380,合,10,9,新业海珠干警小区,石溪,3,1,1,-1,250
427,1200,合,12,5,新兴白云花园,黄边,3,1,1,2,900
428,1700,合,17,4,昌乐居,员村,3,1,1,-1,-1
429,1320,合,19,6,东方明珠花苑,白云文化广场,4,1,1,2,550
430,1740,合,17,3,海印南苑一期,晓港,3,1,1,8,950
431,1370,合,9,8,怡雅苑,凤凰新村,3,1,1,8,550
432,1460,合,15,3,保利花园镜湖东街,燕岗,4,1,1,11,300
433,1030,合,7,14,民航小区向云西街,飞翔公园,4,1,1,2,650
434,1380,合,9,2,仲恺农业工程学院教工宿舍,市二宫,4,1,1,2,1150
435,2000,合,10,16,东方花苑,杨箕,3,1,1,1,650
436,1250,合,12,6,云和花园,同和,4,1,1,3,500
437,1900,合,13,4,福今路14号大院,杨箕,4,1,1,1,600
438,1640,合,8,6,泓景花园,赤岗,4,1,1,8,700
439,1380,合,10,6,侨源山庄虹侨楼,燕塘,4,1,1,3,700
440,1460,合,8,29,时代新世界中心,天平架,4,1,1,6,700
441,1540,合,10,9,罗马假日,市二宫,3,1,1,2,850
442,1020,合,7,2,龙怡苑,黄村（广州）,4,1,1,4,1300
443,1360,合,8,3,恒骏花园,京溪南方医院,4,1,1,3,300
444,1350,合,10,9,擎山苑,京溪南方医院,4,1,1,3,800
445,1610,合,9,14,伟诚广场,天河公园,3,1,1,21,500
446,1540,合,8,26,富基广场,市二宫,5,1,1,2,350
447,1360,合,7,8,云景花园云枫苑,京溪南方医院,4,1,1,3,550
448,1570,合,9,2,电子七所社区（楼梯）,客村,4,1,1,3,300
449,1220,合,12,3,盈彩美居碧彩轩,三溪,4,1,1,5,1150
450,1120,合,10,4,同和云苑新村,同和,5,1,1,3,400
451,1200,合,13,3,云东小区,同和,4,1,1,3,150
452,1470,合,11,4,景晖苑小区,天河客运站,4,1,1,3,900
453,1410,合,17,4,白云公司宿舍,同和,4,1,1,3,250
454,1510,合,15,3,万华花园-四季轩,东晓南,4,1,1,2,550
455,1620,合,8,4,愉景雅苑,鹭江,5,1,2,8,500
456,1410,合,9,3,鸿通花苑,梅花园,4,1,1,3,800
457,1370,合,8,29,南华西大厦,同福西,4,1,1,8,900
458,1300,合,8,7,五仙花园,天平架,3,1,1,6,850
459,1300,合,13,1,白云畔山花园,京溪南方医院,4,1,1,3,900
460,1740,合,14,4,绿怡居花园,动物园,4,1,1,5,700
461,1270,合,8,9,华建小区,天河公园,5,1,1,21,550
462,1440,合,9,14,加怡花园一期,东晓南,3,1,1,2,200
463,1400,合,9,10,保利花园丝雨街,燕岗,4,1,1,11,500
464,1330,合,8,5,尚领时代,石溪,4,1,1,-1,550
465,1330,合,8,2,富力顺意花园,燕岗,4,1,1,11,350
466,1730,合,14,2,祈乐苑,中大,4,1,1,8,750
467,1720,合,12,4,华乐苑(楼梯),鹭江,3,1,1,8,600
468,1580,合,11,3,东晖花园朝阳居,天河公园,4,1,1,21,600
469,1330,合,10,6,云和花园,同和,3,1,1,3,500
470,1740,合,10,9,珠江广场,鹭江,4,1,1,8,800
471,1490,合,11,27,海印南苑三期,晓港,5,1,2,8,1050
472,1300,合,10,29,华景新城逸雅居,华景路,6,1,2,11,800
473,1460,合,9,27,怡新花园怡盛阁,梅花园,5,1,1,3,150
474,1340,合,15,2,云东小区,同和,4,1,1,3,150
475,2100,合,15,3,天河南一路小区,天河南,3,1,1,-1,250
476,1490,合,9,1,保利林海山庄,植物园,3,1,1,6,650
477,1440,合,8,1,保利林海山庄,植物园,3,1,1,6,650
478,1580,合,12,3,穗花新村,江南西,3,1,1,2,300
479,1510,合,11,5,时代花生一期,天平架,3,1,1,3,1000
480,1230,合,8,1,圣地摩坊公馆,梅花园,4,1,1,3,600
481,1440,合,12,2,前进路127号,江南西,4,1,1,2,700
482,1550,合,16,30,君华香柏广场,京溪南方医院,5,1,1,3,200
483,1490,合,8,31,时代新世界中心,天平架,4,1,1,6,700
484,1570,合,7,9,芭堤水岸,鹭江,4,1,1,8,950
485,1350,合,13,2,金碧雅苑,黄边,4,1,1,2,450
486,1790,合,12,3,中山一路小区,杨箕,3,1,1,1,550
487,1170,合,9,3,倚绿山庄,同和,4,1,1,3,550
488,1200,合,8,12,新业海珠干警小区,石溪,3,1,1,-1,250
489,1850,合,8,24,东海嘉园,杨箕,5,1,1,1,400
490,1160,合,9,5,棠德花园B区,棠东,4,1,1,21,650
491,1630,合,10,1,中信金影花园,客村,3,1,1,3,450
492,1390,合,8,7,美好居,车陂,4,1,1,4,200
493,1480,合,10,2,瑞心苑,燕塘,4,1,1,3,800
494,1460,合,12,6,橡树园,燕塘,4,1,1,3,900
495,1140,合,8,14,民航小区向云西街,飞翔公园,4,1,1,2,650
496,1250,合,12,5,新兴白云花园,黄边,3,1,1,2,900
497,2110,合,17,7,石牌南门苑,华师,3,1,1,3,650
498,1150,合,8,26,天雅居C区,黄村（广州）,4,1,1,4,1100
499,1960,合,17,13,保利林海山庄,植物园,4,1,1,6,650
500,1160,合,11,2,同和云苑新村,同和,4,1,1,3,400
501,1290,合,9,10,天河广场,车陂,4,1,1,4,800
502,1280,合,11,4,白云公司宿舍,同和,4,1,1,3,250
503,1860,合,10,23,广信汇景大厦,五羊邨,4,1,1,5,300
504,1390,合,11,2,前进路127号,江南西,4,1,1,2,700
505,1430,合,7,27,兰亭熙园,宝岗大道,4,1,1,8,300
506,1510,合,11,2,罗马家园,沥滘,4,1,1,3,600
507,1280,合,9,3,美景花苑,车陂,4,1,1,4,250
508,1270,合,10,12,东尚明苑,黄村（广州）,4,1,1,4,850
509,1660,合,13,4,华颖花园,潭村,3,1,1,5,900
510,1340,合,8,9,珠江俊园,华景路,5,1,1,11,850
511,1590,合,12,5,冠庭园冠昌阁,天平架,2,1,1,6,600
512,1160,合,7,11,中意花苑,飞翔公园,3,1,1,2,650
513,1180,合,7,8,万华花园-五福阁,东晓南,4,1,1,2,550
514,1460,合,8,12,朗晴居一期,市二宫,5,1,1,2,350
515,1210,合,8,12,盈彩美居,三溪,4,1,1,5,1150
516,1700,合,11,6,珠江西苑,广州东站,4,1,1,1,550
517,1250,合,9,16,东尚明苑,黄村（广州）,4,1,1,4,850
518,1820,合,16,4,电子七所社区（楼梯）,客村,4,1,1,3,300
519,1460,合,19,3,富和花园,同和,4,1,1,3,350
520,1510,合,13,2,恒福路62-66号,淘金,3,1,1,5,1000
521,1430,合,9,7,保利林海山庄,植物园,4,1,1,6,650
522,1130,合,10,7,今日丽舍,大石,4,1,1,3,750
523,790,合,6,2,悦涛雅苑,裕丰围,4,1,1,13,150
524,1540,合,12,3,海逸花园,市二宫,3,1,1,2,450
525,1560,合,13,18,东翠花园,晓港,4,1,1,-1,-1
526,1290,合,21,1,白云畔山花园,京溪南方医院,4,1,1,3,900
527,1610,合,20,2,盈彩美居,三溪,4,1,1,5,1150
528,1860,合,17,16,怡雅苑,凤凰新村,4,1,1,8,550
529,1260,合,8,8,云山翠苑,天平架,4,1,1,6,500
530,1510,合,9,31,富基广场,市二宫,4,1,1,2,350
531,1470,合,9,1,骏景花园1,车陂南,4,1,1,4,900
532,1350,合,12,2,盈彩美居,三溪,3,1,1,5,1150
533,1470,合,11,2,富力顺意花园,燕岗,4,1,1,11,350
534,1400,合,11,1,橡树园,燕塘,3,1,1,3,900
535,1480,合,10,21,南华西大厦,同福西,4,1,1,8,900
536,1230,合,9,3,美景花苑,车陂,4,1,1,4,250
537,1480,合,12,5,金碧花园第一金碧,石溪,3,1,1,-1,400
538,1670,合,15,13,南康阁,江南西,3,1,1,2,750
539,1620,合,18,16,美林海岸花园,科韵路,6,1,2,5,650
540,1770,合,14,12,富景花园,中大,4,1,1,8,350
541,1320,合,11,1,广信春兰花园,京溪南方医院,3,1,1,3,100
542,1460,合,12,1,梅花园站拆迁安置房,梅花园,3,1,1,3,50
543,1490,合,15,12,天雅居A区,黄村（广州）,4,1,1,4,900
544,1520,合,9,12,朗晴居一期,市二宫,5,1,1,2,350
545,1040,合,6,4,盈彩美居,三溪,4,1,1,5,1150
546,1720,合,14,2,华乐苑(楼梯),鹭江,4,1,1,8,600
547,1500,合,12,4,兴禺大厦,广州东站,4,1,1,1,650
548,1550,合,10,9,顺华名庭,中大,3,1,1,8,600
549,2050,合,17,29,嘉富广场,动物园,7,1,3,5,650
550,1090,合,10,2,同和机电宿舍,同和,3,1,1,3,350
551,1360,合,15,10,云逸苑,白云文化广场,4,1,1,12,500
552,1500,合,11,24,金碧花园第一金碧,石溪,3,1,1,-1,400
553,1780,合,12,4,蓝色康园,鹭江,4,1,1,8,950
554,1460,合,9,12,尚东峰景,东晓南,4,1,1,2,900
555,1370,合,9,8,兴禺大厦,广州东站,4,1,1,1,650
556,2150,合,8,9,盈嘉花园,猎德,4,1,1,5,350
557,1380,合,8,9,瑞心苑,燕塘,4,1,1,3,800
558,1970,合,19,5,博雅轩,广州东站,3,1,1,1,700
559,1400,合,8,10,富力现代广场,凤凰新村,4,1,1,8,300
560,1570,合,9,31,时代新世界中心,天平架,4,1,1,6,700
561,1740,合,12,19,愉景南苑,鹭江,4,1,1,8,350
562,1850,合,13,7,穗园小区,华师,4,1,2,3,850
563,1450,合,8,12,富力现代广场,凤凰新村,4,1,1,8,300
564,1330,合,8,15,银华大厦,晓港,4,1,1,8,350
565,1620,合,9,7,跑马地花园,潭村,4,1,1,5,800
566,1360,合,10,6,中山二院小区,东晓南,4,1,1,2,450
567,1110,合,12,4,东秀园,番禺广场,4,1,1,3,500
568,1380,合,10,2,珠江熙苑,车陂,4,1,1,4,700
569,1490,合,12,12,时代玫瑰园二期,黄边,4,1,1,2,400
570,1880,合,10,7,珠江帝景苑赏湖轩,广州塔,5,1,1,3,550
571,1630,合,16,3,侨源山庄阳光苑,燕塘,4,1,1,3,550
572,1290,合,12,5,白云畔山花园,京溪南方医院,6,1,1,3,900
573,1570,合,10,4,东晖花园朝阳居,天河公园,3,1,1,21,600
574,1520,合,17,4,云东小区,同和,2,1,1,3,150
575,1550,合,18,4,荷塘月色临风居,萧岗,3,1,1,2,950
576,1410,合,7,31,兰亭熙园,宝岗大道,4,1,1,8,300
577,1650,合,11,2,祈乐苑,中大,4,1,1,8,750
578,1180,合,8,5,白云畔山花园,京溪南方医院,4,1,1,3,900
579,1210,合,5,6,逸景翠园,鹭江,4,1,1,8,1350
580,1340,合,9,3,武警部队广东省总队医院,燕塘,5,1,2,3,450
581,1360,合,12,21,天河广场,车陂,4,1,1,4,800
582,1120,合,10,2,同和云苑新村,同和,4,1,1,3,400
583,1130,合,6,11,嘉鸿花园金玫瑰园,石溪,4,1,1,-1,650
584,1790,合,18,2,先烈东横路40号大院,沙河顶,4,1,1,6,450
585,1340,合,9,2,万华花园-三贤楼,东晓南,4,1,1,2,700
586,1510,合,11,13,隆基怡苑倚翠轩,梅花园,3,1,1,3,900
587,1720,合,14,6,广海花园二期,科韵路,4,1,1,5,950
588,1370,合,8,9,隆基怡苑倚翠轩,梅花园,3,1,1,3,900
589,1310,合,10,2,天河广场,车陂,4,1,1,4,800
590,1200,合,7,12,万华花园-五福阁,东晓南,4,1,1,2,550
591,1750,合,18,22,罗马假日,市二宫,4,1,1,2,850
592,2050,合,14,21,南华西大厦,同福西,4,1,1,8,900
593,1460,合,8,21,南华西大厦,同福西,4,1,1,8,900
594,1410,合,11,9,嘉鸿花园,石溪,3,1,1,-1,500
595,1670,合,8,6,天诚广场,华师,4,1,1,3,500
596,1440,合,9,5,南景园品梅轩,江泰路,3,1,1,2,450
597,1820,合,17,11,翠城花园,宝岗大道,4,1,1,8,350
598,1310,合,9,11,荷塘月色星怡居,白云文化广场,3,1,1,12,650
599,1240,合,11,16,东尚明苑,黄村（广州）,8,1,2,4,850
600,1510,合,8,3,富力银禧花园,中大,4,1,1,8,950
601,1110,合,11,2,同和云苑新村,同和,4,1,1,3,400
602,1580,合,8,6,富基广场,市二宫,4,1,1,2,350
603,1690,合,15,7,金燕花苑,燕塘,4,1,1,3,300
604,1410,合,13,2,倚绿山庄,同和,3,1,1,3,550
605,1490,合,14,3,鸿通花苑,梅花园,4,1,1,3,800
606,1810,合,10,4,远洋宿舍,体育西路,4,1,1,1,500
607,1400,合,15,1,同和云苑新村,同和,4,1,1,3,400
608,1110,合,13,1,同和云苑新村,同和,4,1,1,3,400
609,1520,合,9,5,永福北约,沙河顶,3,1,1,6,250
610,1550,合,9,8,育龙居,植物园,4,1,1,6,300
611,1100,合,7,8,白云畔山花园,京溪南方医院,4,1,1,3,900
612,1780,合,17,3,广信春兰花园,京溪南方医院,4,1,1,3,100
613,1980,合,12,7,共和东路17号楼,杨箕,3,1,1,1,100
614,1120,合,10,1,云涛花园,同和,4,1,1,3,150
615,1220,合,7,2,云裳丽影,同和,4,1,1,3,450
616,1060,合,7,5,白云畔山花园,京溪南方医院,4,1,1,3,900
617,1350,合,22,5,康裕园,市桥,4,1,1,3,1000
618,1520,合,12,2,仲恺农业工程学院教工宿舍,市二宫,4,1,1,2,1150
619,1220,合,8,8,省粮油宿舍,天平架,4,1,1,6,400
620,1310,合,9,14,春江花园,棠东,4,1,1,4,650
621,1530,合,9,24,鸿景园,华师,4,1,1,3,550
622,1640,合,20,13,华建小区,天河公园,5,1,1,21,550
623,1540,合,8,7,美林海岸花园海天苑,员村,4,1,1,5,850
624,1370,合,7,8,江源半岛花园,车陂南,4,1,2,4,50
625,1180,合,8,6,机场东门小区,白云公园,3,1,1,12,550
626,1710,合,17,2,恒福路62-66号,淘金,3,1,1,5,1000
627,1630,合,20,12,金碧都市广场,石溪,4,1,1,-1,50
628,1430,合,9,8,尚领时代,石溪,4,1,1,-1,550
629,1630,合,9,4,愉景雅苑,鹭江,4,1,1,8,500
630,1480,合,8,9,叠彩园金桦轩,鹭江,4,1,1,8,1050
631,1350,合,8,7,金燕花苑,燕塘,4,1,1,3,300
632,1280,合,12,4,富和花园,同和,4,1,1,3,350
633,1620,合,17,2,富力天朗明居N区,棠东,4,1,1,4,450
634,1000,合,6,6,元邦苑,白云文化广场,3,1,1,2,400
635,1850,合,14,2,小北路小区,小北,3,1,1,13,500
636,1320,合,7,2,穗花新村,江南西,3,1,1,2,300
637,1620,合,12,4,嘉仕花园,中大,3,1,1,8,950
638,1710,合,9,9,新港商厦,磨碟沙,4,1,1,8,300
639,1230,合,6,19,鸿富大厦,江南西,4,1,1,2,350
640,1770,合,12,4,愉景雅苑,鹭江,5,1,2,8,500
641,1380,合,8,4,侨雅苑,鹭江,4,1,1,8,450
642,1620,合,12,6,海富花园B区,江泰路,4,1,1,2,250
643,1550,合,11,4,华乐苑(楼梯),鹭江,4,1,1,8,600
644,1360,合,7,9,骏景花园1,车陂南,4,1,1,4,900
645,1840,合,13,3,中山一路小区,杨箕,3,1,1,1,550
646,1330,合,11,11,盈彩美居,三溪,4,1,1,5,1150
647,1220,合,8,23,锦丽居一期,东晓南,5,1,1,2,300
648,1550,合,10,2,罗马家园,沥滘,4,1,1,3,600
649,1380,合,16,22,天雅居C区,黄村（广州）,4,1,1,4,1100
650,1710,合,13,1,中信金影花园,客村,3,1,1,3,450
651,1260,合,8,6,云景花园云枫苑,京溪南方医院,5,1,1,3,550
652,1450,合,12,6,云景花园云桂苑,京溪南方医院,3,1,1,3,300
653,1530,合,8,31,富基广场,市二宫,4,1,1,2,350
654,1260,合,14,4,云东小区,同和,3,1,1,3,150
655,1360,合,10,8,白云骏景花园,白云文化广场,4,1,1,2,700
656,1710,合,10,2,金富苑,华师,3,1,1,3,450
657,1280,合,10,6,和辉花园,东晓南,4,1,1,2,1100
658,1190,合,8,14,东圃广场,黄村（广州）,4,1,1,4,1000
659,1490,合,14,14,东圃广场,黄村（广州）,4,1,1,4,1000
660,1370,合,11,22,盈彩美居,三溪,4,1,1,5,1150
661,1110,合,10,1,云涛花园,同和,4,1,1,3,150
662,1190,合,7,3,侨诚花园春晓苑,东晓南,4,1,1,2,300
663,1470,合,13,2,旭景家园C区,黄村（广州）,3,1,1,4,900
664,1290,合,10,1,广信春兰花园,京溪南方医院,4,1,1,3,100
665,1440,合,13,6,侨源山庄虹侨楼,燕塘,4,1,1,3,700
666,1640,合,8,5,跑马地花园,潭村,4,1,1,5,800
667,1870,合,10,17,华标广场,华师,5,1,1,3,550
668,1690,合,10,29,鸿景园,华师,4,1,1,3,550
669,1400,合,12,11,保利花园保康路,燕岗,6,1,2,11,550
670,1540,合,11,14,悦安花园,江泰路,4,1,1,2,700
671,1770,合,11,2,侨怡苑,林和西,4,1,1,3,700
672,1260,合,13,4,云东小区,同和,5,1,1,3,150
673,1790,合,18,1,保利花园镜湖东街,燕岗,4,1,1,11,300
674,1930,合,15,5,紫荆小区,广州东站,3,1,1,1,650
675,1430,合,8,8,江南花园,沙园,3,1,1,8,700
676,1580,合,13,3,星群药业宿舍,南洲,3,1,1,2,50
677,1210,合,7,4,尚领时代,石溪,4,1,1,-1,550
678,1320,合,6,17,嘉汇华庭,江南西,4,1,1,2,500
679,1150,合,8,12,美景花苑,车陂,4,1,1,4,250
680,1570,合,9,1,骏景花园1,车陂南,4,1,1,4,900
681,1500,合,12,9,东翠花园,晓港,4,1,1,-1,-1
682,1430,合,11,16,华建小区,天河公园,6,1,2,21,550
683,1550,合,8,7,美林海岸花园,科韵路,4,1,1,5,650
684,1240,合,10,2,棠德花苑,棠东,3,1,1,21,650
685,1630,合,10,2,祈乐苑,中大,4,1,1,8,750
686,1480,合,12,8,兴禺大厦,广州东站,4,1,1,1,650
687,1110,合,6,5,珠江俊园,华景路,5,1,1,11,850
688,1450,合,13,7,云景花园云桂苑,京溪南方医院,4,1,1,3,300
689,1280,合,16,8,儒苑小区,江夏,4,1,1,2,400
690,1460,合,13,6,麓景东大院,小北,4,1,1,5,600
691,1050,合,7,2,迎海花园迎辉阁,黄村（广州）,3,1,1,-1,-1
692,1470,合,9,27,海印南苑三期,晓港,5,1,2,8,1050
693,1980,合,16,7,侨诚花园春晓苑,东晓南,4,1,1,2,300
694,1630,合,11,5,逸景翠园,鹭江,4,1,1,8,1350
695,1790,合,16,13,金雅苑(电梯),中大,3,1,1,8,1200
696,1610,合,12,4,富力天朗明居S区,车陂,3,1,1,4,350
697,1390,合,15,2,云景花园云桦苑,京溪南方医院,4,1,1,3,550
698,1210,合,10,5,白云公司宿舍,同和,4,1,1,3,250
699,1180,合,6,8,云山熹景,梅花园,5,1,1,3,350
700,1610,合,21,12,天雅居A区,黄村（广州）,4,1,1,4,900
701,1720,合,17,4,鸿富大厦,江南西,4,1,1,2,350
702,1370,合,9,14,橡树园,燕塘,6,1,2,3,900
703,1600,合,16,3,云山翠苑,天平架,3,1,1,6,500
704,1660,合,14,27,昌岗东电信大厦,晓港,3,1,1,8,100
705,1350,合,7,10,富力现代广场,凤凰新村,4,1,1,8,300
706,1500,合,8,11,富景花园,中大,3,1,1,8,350
707,1960,合,14,4,广东省政府大院,体育西路,3,1,1,1,850
708,1110,合,10,1,云涛花园,同和,3,1,1,3,150
709,1470,合,8,11,时代新世界中心,天平架,4,1,1,6,700
710,1320,合,9,5,鸿燕居,燕塘,3,1,1,3,200
711,1630,合,16,5,下塘新村,小北,4,1,1,5,550
712,1210,合,15,3,云泉居,黄边,4,1,1,2,600
713,1460,合,12,5,星汇晴轩,飞翔公园,3,1,1,2,750
714,1860,合,9,20,瑞达大厦,体育西路,4,1,1,1,350
715,1570,合,12,13,南康阁,江南西,3,1,1,2,750
716,1940,合,13,6,富景花苑,体育西路,4,1,1,1,500
717,1310,合,8,12,晓港湾漾日云天,东晓南,3,1,1,2,400
718,1720,合,17,8,兴禺大厦,广州东站,4,1,1,1,650
719,1790,合,12,2,麓苑小区,小北,3,1,1,5,650
720,1730,合,14,8,金碧花园第三金碧,石溪,3,1,1,-1,300
721,2480,合,20,3,大家庭花园,琶洲,4,1,1,8,350
722,1610,合,12,9,美好居,车陂,4,1,1,4,200
723,1750,合,10,29,富基广场,市二宫,3,1,1,2,350
724,2140,合,10,17,南天广场,五羊邨,3,1,1,5,200
725,1790,合,9,6,富景花苑,体育西路,4,1,1,1,500
726,1240,合,6,10,骏景花园1,车陂南,4,1,1,4,900
727,1350,合,8,3,鸿燕居,燕塘,3,1,1,3,200
728,1890,合,9,14,祥龙花园,林和西,4,1,1,3,250
729,1490,合,16,12,春晖闲庭,永泰,5,1,1,3,300
730,1250,合,9,10,岭南新世界,嘉禾望岗,4,1,1,2,750
731,1990,合,17,11,蓝色康园,鹭江,4,1,1,8,950
732,1260,合,12,2,天平花苑,燕塘,4,1,1,3,950
733,1480,合,7,7,绿茵翠庭,客村,3,1,1,3,1100
734,1540,合,10,2,恒洲小苑,南洲,2,1,1,-1,-1
735,1430,合,15,3,景安花园,三溪,5,2,2,5,1650
736,1680,合,8,6,电力设计院宿舍,磨碟沙,4,1,1,8,400
737,1150,合,9,5,民航小区向云西街,飞翔公园,3,1,1,2,650
738,1020,合,10,2,彩晴轩,市桥,4,1,1,3,1200
739,1400,合,11,11,中意花苑,飞翔公园,3,1,1,2,650
740,1570,合,8,2,小北路小区,小北,3,1,1,13,500
741,1070,合,8,12,和辉花园,东晓南,4,1,1,2,1100
742,1430,合,9,2,嘉仕花园,中大,3,1,1,8,950
743,1360,合,15,6,春晖闲庭,永泰,5,1,1,3,300
744,1470,合,17,9,美景花苑,车陂,3,1,1,4,250
745,1440,合,8,6,怡新花园怡泰阁,梅花园,4,1,1,3,250
746,1470,合,10,4,冠庭园冠昌阁,天平架,3,1,1,6,600
747,1790,合,22,4,冠庭园冠昌阁,天平架,3,1,1,6,600
748,1720,合,8,7,六运小区,体育西路,4,1,1,-1,-1
749,1350,合,11,4,星晖园,南洲,5,1,1,-1,-1
750,1560,合,8,7,珠影大院大院31栋,客村,3,1,1,3,350
751,1780,合,18,1,白云尚城,江夏,4,1,1,2,200
752,1350,合,15,19,富华花园,市桥,4,1,1,-1,-1
753,970,合,7,4,温馨里,市桥,4,1,1,3,1000
754,1440,合,9,22,罗马假日,市二宫,4,1,1,2,850
755,1620,合,16,3,润南花园,江泰路,3,1,1,-1,-1
756,1490,合,12,3,润南花园,江泰路,3,1,1,-1,-1
757,1510,合,11,16,兴禺大厦,广州东站,4,1,1,1,650
758,1460,合,7,3,丰盈居,鹭江,4,1,1,8,1000
759,1400,合,11,5,保利花园馨竹街,燕岗,4,1,1,11,750
760,1250,合,9,2,春晖闲庭,永泰,5,1,1,3,300
761,1300,合,13,18,金碧花园第二金碧,石溪,4,1,1,-1,300
762,1540,合,9,8,穗花新村,江南西,3,1,1,2,300
763,1650,合,12,2,华乐苑(楼梯),鹭江,4,1,1,8,600
764,1450,合,13,10,春江花园,棠东,4,1,1,4,650
765,1370,合,12,28,天河广场,车陂,4,1,1,4,800
766,1680,合,9,8,愉景南苑,鹭江,4,1,1,8,350
767,1430,合,16,3,雅怡阁,车陂,4,1,1,4,900
768,1400,合,6,4,鹭苑公寓,鹭江,2,1,1,8,100
769,1150,合,5,9,海印南苑三期,晓港,4,1,1,8,1050
770,1280,合,14,5,康泰花苑,江泰路,4,1,1,-1,-1
771,2000,合,13,26,影城花园,客村,3,1,1,3,200
772,950,合,8,2,东怡新区东倩园,番禺广场,4,1,1,3,550
773,1350,合,8,10,保利花园丝雨街,燕岗,4,1,1,11,500
774,1420,合,10,12,盈彩美居,三溪,3,1,1,5,1150
775,1830,合,14,14,金碧花园第一金碧,石溪,4,1,1,-1,400
776,1480,合,8,9,富力院士庭,广州东站,4,1,1,1,1300
777,1390,合,10,3,锦丽居一期,东晓南,4,1,1,2,300
778,1650,合,8,6,侨英花园,广州东站,4,1,1,1,900
779,1370,合,7,7,绿茵翠庭,客村,3,1,1,3,1100
780,1630,合,14,3,光大花园翠榕苑,沙园,3,1,1,8,650
781,1320,合,6,9,骏景花园1,车陂南,4,1,1,4,900
782,1170,合,10,12,如意中心,洛溪,4,1,1,2,600
783,1280,合,11,6,元邦苑,白云文化广场,3,1,1,2,400
784,1750,合,20,21,金碧花园第二金碧,石溪,3,1,1,-1,300
785,1990,合,19,3,昌岗中路小区,宝岗大道,3,1,1,8,200
786,1450,合,8,4,华港花园,华景路,4,1,1,11,200
787,1360,合,10,2,华景新城翠安侬苑,华景路,4,1,1,11,750
788,1540,合,18,6,擎山苑,京溪南方医院,3,1,1,3,800
789,1570,合,13,7,省粮油宿舍,天平架,4,1,1,6,400
790,1600,合,18,3,侨源山庄阳光苑,燕塘,4,1,1,3,550
791,1300,合,9,3,锦丽居一期,东晓南,4,1,1,2,300
792,1460,合,8,7,时代新世界中心,天平架,4,1,1,6,700
793,1610,合,7,8,云鹤园,动物园,4,1,1,5,200
794,1660,合,11,16,太阳广场,华师,3,1,1,3,700
795,2240,合,18,28,金碧湾,凤凰新村,4,1,1,8,500
796,1370,合,9,16,华建小区,天河公园,6,1,2,21,550
797,1860,合,14,11,珠江西苑,广州东站,4,1,1,1,550
798,1880,合,22,3,东晖花园朝阳居,天河公园,4,1,1,21,600
799,1610,合,26,3,云和花园,同和,3,1,1,3,500
800,1180,合,10,5,云涛花园,同和,3,1,1,3,150
801,1560,合,10,15,富力天朗明居S区,车陂,3,1,1,4,350
802,1460,合,6,20,淘金华庭,淘金,3,1,1,5,750
803,1490,合,5,17,金迪大厦,杨箕,3,1,1,1,400
804,1750,合,12,6,淘金花园,淘金,4,1,1,5,800
805,1920,合,16,1,圣地摩坊公馆,梅花园,4,1,1,3,600
806,1360,合,24,4,东方花园又一村,番禺广场,4,1,1,3,850
807,1680,合,20,6,春晖闲庭,永泰,5,1,1,3,300
808,1500,合,10,10,尚领时代,石溪,4,1,1,-1,550
809,1750,合,12,26,富景花园,中大,3,1,1,8,350
810,1470,合,8,12,富景花园,中大,4,1,1,8,350
811,1510,合,13,10,盈彩美居碧彩轩,三溪,3,1,1,5,1150
812,1510,合,47,2,天平花苑,燕塘,4,1,1,3,950
813,1520,合,9,5,绿茵翠庭,客村,4,1,1,3,1100
814,1490,合,12,18,兴禺大厦,广州东站,4,1,1,1,650
815,1630,合,8,5,大家庭花园,琶洲,3,1,1,8,350
816,1300,合,8,5,金碧花园第一金碧,石溪,4,1,1,-1,400
817,1730,合,17,26,五星阁,燕塘,6,1,2,3,650
818,1310,合,8,11,星汇晴轩,飞翔公园,4,1,1,2,750
819,1040,合,7,5,如意花园,洛溪,3,1,1,2,400
820,1220,合,11,5,康泰花苑,江泰路,4,1,1,-1,-1
821,1830,合,11,28,百利华庭,市二宫,3,1,1,-1,-1
822,1590,合,9,26,可逸豪苑,江南西,4,1,1,2,1000
823,1790,合,19,2,佳福阁,科韵路,3,1,1,5,450
824,1990,合,18,2,南园大街小区,江南西,3,1,1,-1,-1
825,1570,合,18,2,五仙花园,天平架,4,1,1,6,850
826,1290,合,7,2,华景新城翠安侬苑,华景路,4,1,1,11,750
827,1620,合,9,31,兰亭熙园,宝岗大道,4,1,1,8,300
828,1440,合,8,17,英豪花园阳光320,东晓南,3,1,1,2,500
829,1520,合,8,22,福金莲花园,天河公园,7,1,3,21,850
830,1710,合,18,8,新燕花园D区,燕塘,4,1,1,3,350
831,1620,合,13,4,东晖花园朝阳居,天河公园,3,1,1,21,600
832,1620,合,15,2,华景新城信华花园,华景路,4,1,1,11,950
833,1900,合,22,4,白云公司宿舍,同和,4,1,1,3,250
834,1410,合,20,8,儒苑小区,江夏,3,1,1,2,400
835,2140,合,15,20,瑞达大厦,体育西路,4,1,1,1,350
836,1420,合,8,11,美好居,车陂,4,1,1,4,200
837,1440,合,11,27,天河广场,车陂,4,1,1,4,800
838,1670,合,13,10,天鸿阁,燕塘,3,1,1,3,250
839,1750,合,14,3,金碧花园第三金碧,石溪,3,1,1,-1,300
840,1550,合,12,15,富力天朗明居S区,车陂,3,1,1,4,350
841,1360,合,14,13,荔景花园,黄村（广州）,5,1,1,4,500
842,1280,合,9,28,天河广场,车陂,4,1,1,4,800
843,1660,合,15,12,晓港湾漾日云天,东晓南,3,1,1,2,400
844,1330,合,9,18,云景名都,京溪南方医院,4,1,1,3,350
845,1300,合,8,3,晓园东大院,昌岗,4,1,1,8,550
846,1530,合,10,5,育龙居,植物园,4,1,1,6,300
847,1390,合,8,4,新港西远洋宿舍,中大,3,1,1,8,600
848,1340,合,11,2,恒骏花园,京溪南方医院,4,1,1,3,300
849,950,合,8,3,东瀚园,番禺广场,4,1,1,3,850
850,1590,合,10,5,富力天朗明居S区,车陂,3,1,1,4,350
851,1190,合,6,16,江南花园,沙园,4,1,1,8,700
852,1760,合,16,12,福金莲花园,天河公园,3,1,1,21,850
853,1740,合,9,10,泓景花园,赤岗,4,1,1,8,700
854,2030,合,17,2,德埔小区,石牌桥,3,1,1,3,700
855,1550,合,12,11,怡安花园(怡安路),市二宫,4,1,1,2,500
856,1820,合,11,14,远洋天河东小区,石牌桥,4,1,1,3,550
857,1750,合,8,26,恒城大厦,体育西路,3,1,1,1,350
858,1590,合,8,14,恒业大厦,天河公园,3,1,1,21,650
859,1540,合,8,7,嘉汇华庭,江南西,4,1,1,2,500
860,1710,合,8,4,五羊小区B区,五羊邨,3,1,1,5,400
861,1810,合,11,14,信和广场,昌岗,3,1,1,8,200
862,1540,合,11,9,美好居,车陂,4,1,1,4,200
863,1410,合,14,23,天河广场,车陂,4,1,1,4,800
864,1390,合,10,12,美景花苑,车陂,3,1,1,4,250
865,1420,合,10,6,供水局宿舍,科韵路,4,1,1,5,800
866,1240,合,8,27,天河广场,车陂,3,1,1,4,800
867,1670,合,17,7,侨源山庄新侨楼,燕塘,4,1,1,3,750
868,1640,合,13,13,兴禺大厦,广州东站,3,1,1,1,650
869,1600,合,13,12,五星阁,燕塘,4,1,1,3,650
870,1890,合,19,4,景晖苑小区,天河客运站,4,1,1,3,900
871,1640,合,16,13,富信广场,广州东站,4,1,1,1,900
872,1570,合,13,19,金碧花园第二金碧,石溪,3,1,1,-1,300
873,1550,合,11,27,华景新城陶然庭园,华景路,4,1,1,11,900
874,1490,合,10,3,中港四航局宿舍,鹭江,3,1,1,8,100
875,1280,合,10,10,云景花园云桦苑,京溪南方医院,5,1,1,3,550
876,2280,合,16,25,润粤大厦,动物园,4,1,1,5,400
877,1780,合,18,5,绿佳花园,燕塘,4,1,1,3,450
878,1480,合,11,3,海印南苑一期,晓港,3,1,1,8,950
879,2340,合,29,7,华逸锦轩,杨箕,3,1,1,1,350
880,1180,合,6,11,骏景花园1,车陂南,5,1,1,4,900
881,1190,合,9,6,晓港湾惠侨苑（楼梯房）,东晓南,4,1,1,2,100
882,1060,合,11,6,丰乐小区,大沙东,3,1,1,5,450
883,1160,合,6,5,侨源山庄雅侨楼,燕塘,4,1,1,3,550
884,1970,合,12,23,百利华庭,市二宫,3,1,1,-1,-1
885,1480,合,10,3,海景阁,晓港,4,1,1,8,1400
886,1710,合,17,10,恒龙苑,市二宫,3,1,1,2,850
887,1840,合,22,24,海悦大厦,市二宫,4,1,2,2,850
888,1840,合,25,5,景晖苑小区,天河客运站,5,1,1,3,900
889,1520,合,10,3,云山熹景,梅花园,5,1,1,3,350
890,1330,合,9,3,贝丽花园,飞翔公园,3,1,1,12,1100
891,1080,合,9,5,吉祥楼,洛溪,4,1,1,-1,-1
892,1430,合,9,3,尚领时代,石溪,3,1,1,-1,550
893,1760,合,11,28,华景新城陶然庭园,华景路,3,1,1,11,900
894,1140,合,7,4,羊城花园,东圃,4,1,1,4,1650
895,1740,合,10,4,蓝色康园,鹭江,4,1,1,8,950
896,970,合,8,3,白云制药厂前山宿舍,同和,3,1,1,3,450
897,1290,合,6,9,海珠花园,江南西,4,1,1,-1,-1
898,1810,合,8,7,广信晖景大厦,五羊邨,3,1,1,5,400
899,1460,合,11,8,中山二院小区,东晓南,4,1,1,2,450
900,1560,合,10,5,海景大厦,天河公园,3,1,1,21,600
901,860,合,8,5,东怡新区东雅园,番禺广场,4,1,1,3,700
902,1530,合,9,18,华建大厦,天河公园,6,1,2,21,800
903,1510,合,10,12,顺华名庭,中大,3,1,1,8,600
904,1540,合,10,11,恒骏花园,京溪南方医院,4,1,1,3,300
905,1520,合,13,16,兴禺大厦,广州东站,4,1,1,1,650
906,1480,合,9,11,绿茵翠庭,客村,3,1,1,3,1100
907,1170,合,9,6,盈彩美居,三溪,5,1,1,5,1150
908,1490,合,10,9,加怡花园一期,东晓南,3,1,1,2,200
909,1230,合,7,3,南方花园,昌岗,4,1,1,8,300
910,1560,合,13,18,海印南苑三期,晓港,4,1,1,8,1050
911,1620,合,18,6,春晖闲庭,永泰,5,1,1,3,300
912,1460,合,17,1,金坤花园,燕塘,4,1,1,3,800
913,1370,合,10,3,穗花新村,江南西,4,1,1,2,300
914,1380,合,14,6,晓港湾文华苑,东晓南,3,1,1,-1,-1
915,1560,合,18,7,雅致花园,燕岗,3,1,1,11,250
916,2080,合,27,12,时代玫瑰园二期,黄边,4,1,1,2,400
917,1150,合,10,3,东方明珠花苑,白云文化广场,4,1,1,2,550
918,1570,合,12,3,中海康城花园,黄村（广州）,3,1,1,4,450
919,1400,合,14,16,东尚明苑,黄村（广州）,4,1,1,4,850
920,1400,合,11,3,乐意居花苑,天河客运站,3,1,1,3,1250
921,1580,合,10,1,骏景花园1,车陂南,4,1,1,4,900
922,1950,合,12,21,和风雅居,杨箕,4,1,1,1,250
923,1780,合,19,2,华港花园沁园春,华景路,4,1,1,11,200
924,1550,合,10,6,恒福苑恒福西苑,黄花岗,4,1,1,6,750
925,1770,合,9,9,芭堤水岸,鹭江,4,1,1,8,950
926,1500,合,15,8,省粮油宿舍,天平架,4,1,1,6,400
927,1280,合,8,2,棠德花园E区,棠东,3,1,1,21,550
928,1370,合,10,2,江南大道中东街15号,江南西,5,1,2,2,450
929,1300,合,11,3,广东农工商职业技术学院(粤垦路),燕塘,4,1,1,3,550
930,1580,合,14,5,绿茵翠庭,客村,4,1,1,3,1100
931,1220,合,10,4,富和花园,同和,4,1,1,3,350
932,1710,合,17,9,加怡花园一期,东晓南,3,1,1,2,200
933,1690,合,9,6,泓景花园,赤岗,4,1,1,8,700
934,2060,合,18,7,畔江花园,磨碟沙,4,1,1,-1,-1
935,1210,合,7,12,五星阁,燕塘,4,1,1,3,650
936,1360,合,14,2,天河广场,车陂,4,1,1,4,800
937,1750,合,11,2,淘金路小区,淘金,3,1,1,5,500
938,2040,合,9,3,嘉裕丹顿阳光,猎德,4,1,1,5,650
939,1260,合,8,10,锦丽居一期,东晓南,4,1,1,2,300
940,1790,合,9,7,佳信花园会展星城,赤岗,3,1,1,8,550
941,1390,合,9,4,嘉仕花园,中大,3,1,1,8,950
942,1500,合,11,30,宏宇广场,凤凰新村,3,1,1,8,950
943,1520,合,10,17,罗马家园,沥滘,4,1,1,3,600
944,1610,合,12,2,华颖花园,潭村,4,1,1,5,900
945,1310,合,10,3,云景花园云桦苑,京溪南方医院,4,1,1,3,550
946,920,合,8,3,东怡新区东雅园,番禺广场,4,1,1,3,700
947,1020,合,8,8,建兴大厦,市桥,4,1,1,-1,-1
948,980,合,13,4,文苑花园,文冲,4,1,1,-1,-1
949,1290,合,7,12,富力现代广场,凤凰新村,4,1,1,8,300
950,1590,合,10,12,富力现代广场,凤凰新村,4,1,1,8,300
951,2320,合,12,13,高教花园,磨碟沙,4,1,1,8,250
952,1630,合,8,17,江南美景花园,中大,4,1,1,8,50
953,1850,合,9,11,南国花园C区,潭村,4,1,1,5,450
954,1070,合,6,10,金碧花园第一金碧,石溪,4,1,1,-1,400
955,1530,合,12,14,南景园君兰轩,江泰路,4,1,1,2,550
956,2210,合,10,27,新庆花园,猎德,3,1,1,5,950
957,1270,合,9,4,燕塘大院,燕塘,3,1,1,-1,-1
958,2360,合,24,13,天润大厦,科韵路,3,1,1,5,450
959,1260,合,13,6,云映阁,飞翔公园,4,1,1,2,500
960,1030,合,8,19,江南大厦,市桥,4,1,1,3,700
961,1460,合,8,32,金碧花园第三金碧,石溪,3,1,1,-1,300
962,1610,合,12,20,凤乐雅轩,凤凰新村,4,1,1,8,400
963,1570,合,9,8,华景新城怡华台,华景路,3,1,1,11,750
964,1500,合,8,11,紫丹阁,江南西,4,1,1,2,100
965,1730,合,8,17,远东大厦,林和西,4,1,1,3,700
966,1320,合,8,2,恒骏花园,京溪南方医院,4,1,1,3,300
967,1570,合,13,2,恒骏花园,京溪南方医院,4,1,1,3,300
968,2530,合,23,3,会展西岸,磨碟沙,5,1,1,8,400
969,1940,合,13,13,芳草园,华师,4,1,1,3,800
970,2030,合,10,5,天文苑,体育西路,3,1,1,-1,350
971,1260,合,8,3,贝丽花园,飞翔公园,3,1,1,12,1100
972,1660,合,22,10,白云尚城,江夏,4,1,1,2,200
973,2080,合,22,3,大家庭花园,琶洲,4,1,1,8,350
974,1250,合,8,10,春江花园,棠东,4,1,1,4,650
975,1450,合,11,4,星晖园,南洲,5,1,1,-1,-1
976,1690,合,10,2,汇美南苑,广州塔,3,1,1,3,800
977,1340,合,14,5,民航小区向云西街,飞翔公园,3,1,1,2,650
978,1300,合,8,27,云裳丽影,同和,4,1,1,3,450
979,2000,合,18,5,南洲名苑,南洲,4,1,1,2,350
980,1490,合,7,27,华港花园沁园春,华景路,4,1,1,11,200
981,1940,合,23,9,顺华名庭,中大,3,1,1,8,600
982,2060,合,11,7,广信晖景大厦,五羊邨,3,1,1,5,400
983,1820,合,9,7,畔江花园,磨碟沙,4,1,1,-1,-1
984,1100,合,6,5,金碧花园第二金碧,石溪,4,1,1,-1,300
985,1070,合,12,5,康裕园,市桥,4,1,1,3,1000
986,1160,合,8,2,富庭东园,大石,4,1,1,3,600
987,1400,合,9,5,紫龙大街小区,江南西,4,1,1,-1,-1
988,1180,合,7,3,棠雅苑,天河公园,4,1,1,21,1250
989,1650,合,17,11,旭景家园C区,黄村（广州）,3,1,1,4,900
990,1720,合,13,4,骏景花园1,车陂南,4,1,1,4,900
991,1490,合,9,4,牧业大厦,员村,3,1,1,5,450
992,1460,合,14,2,广信春兰花园,京溪南方医院,3,1,1,3,100
993,2060,合,12,12,天兴大厦,杨箕,3,1,1,1,350
994,1570,合,16,3,旭景家园A区,黄村（广州）,3,1,1,4,800
995,1470,合,8,6,恒安大厦,天河公园,4,1,1,21,450
996,1340,合,8,2,金碧花园第一金碧,石溪,3,1,1,-1,400
997,1370,合,7,11,光大花园榕景四季,沙园,3,1,1,8,500
998,970,合,5,3,乐意居花苑,天河客运站,3,1,1,3,1250
999,1290,合,8,15,侨诚花园冬日苑,东晓南,3,1,1,2,400
1000,1810,合,15,4,金雅苑（楼梯）,中大,4,1,1,8,1200
1001,1640,合,10,5,淘金路小区,淘金,4,1,1,5,500
1002,1390,合,11,8,金晖花苑,燕塘,4,1,1,3,700
1003,1690,合,21,3,景富明珠,飞翔公园,4,1,1,2,700
1004,1620,合,16,14,春江花园,棠东,4,1,1,4,650
1005,1230,合,7,2,金燕花苑,燕塘,4,1,1,3,300
1006,1610,合,10,8,时尚明苑,车陂,3,1,1,4,100
1007,2490,合,19,2,富景花苑,体育西路,4,1,1,1,500
1008,1830,合,10,4,金海花园,岗顶,6,1,2,3,650
1009,1710,合,13,9,海逸花园,市二宫,3,1,1,2,450
1010,1860,合,11,10,广海花园,科韵路,3,1,1,5,950
1011,2110,合,16,12,嘉仕花园加勒比湾影月轩,中大,4,1,1,8,950
1012,1250,合,7,21,明珠花园,晓港,4,1,1,8,950
1013,1370,合,12,4,青葵大街21号,江南西,3,1,1,2,750
1014,2250,合,22,5,光大花园榕景四季,沙园,5,1,1,8,500
1015,1550,合,8,2,信和广场,昌岗,4,1,1,8,200
1016,1470,合,12,14,美林湖畔花园,三溪,4,1,1,5,550
1017,1750,合,14,11,江源半岛花园,车陂南,3,1,1,4,50
1018,1520,合,12,3,贝丽花园,飞翔公园,3,1,1,12,1100
1019,1730,合,12,5,海外花园,昌岗,4,1,1,8,400
1020,1570,合,8,27,新世界东逸花园(电梯),天河公园,4,1,1,5,1400
1021,1030,合,12,4,东怡新区(东裕园),番禺广场,4,1,1,3,550
1022,1140,合,7,4,金碧花园第一金碧,石溪,4,1,1,-1,400
1023,1810,合,16,3,金燕花苑,燕塘,3,1,1,3,300
1024,1210,合,8,5,美景花苑,车陂,4,1,1,4,250
1025,1740,合,12,3,愉景南苑,鹭江,4,1,1,8,350
1026,1450,合,10,15,南北广场,凤凰新村,3,1,1,8,950
1027,1850,合,10,3,育蕾小区,体育西路,3,1,1,-1,-1
1028,2380,合,25,10,瀚林水岸,中大,4,1,1,8,750
1029,1340,合,6,15,海景中心,天河公园,3,1,1,5,1200
1030,1730,合,11,3,愉景雅苑,鹭江,5,1,2,8,500
1031,1210,合,7,4,晓燕湾,江泰路,4,1,1,2,350
1032,1790,合,20,3,南景园品梅轩,江泰路,3,1,1,2,450
1033,2160,合,14,24,鸿景园,华师,4,1,1,3,550
1034,2030,合,15,9,世港国际公寓,磨碟沙,4,1,1,8,600
1035,1430,合,12,9,新业海珠干警小区,石溪,3,1,1,-1,250
1036,1410,合,6,5,麓湖御景,淘金,4,1,1,5,600
1037,1980,合,19,4,科苑社区,黄花岗,4,1,1,6,150
1038,1950,合,25,11,白云骏景花园,白云文化广场,4,1,1,2,700
1039,1110,合,16,5,广华苑,番禺广场,4,1,1,3,800
1040,2150,合,19,8,光大花园榕上居,沙园,4,1,1,8,500
1041,1350,合,8,15,银华大厦,晓港,4,1,1,8,350
1042,1420,合,12,8,天河广场,车陂,4,1,1,4,800
1043,1800,合,14,15,芳草轩,南洲,4,1,1,2,650
1044,1780,合,18,1,骏景花园1,车陂南,4,1,1,4,900
1045,1860,合,11,11,中海名都,市二宫,4,1,1,2,750
1046,1620,合,7,11,中海名都,市二宫,4,1,1,2,750
1047,1490,合,9,6,恒福苑恒福西苑,黄花岗,4,1,1,6,750
1048,1410,合,12,7,天河广场,车陂,3,1,1,4,800
1049,1620,合,8,3,电力设计院,动物园,4,1,1,5,350
1050,1230,合,7,9,东圃法院宿舍小区,东圃,4,1,2,5,700
1051,1760,合,20,17,叠彩园紫桦轩,鹭江,3,1,1,8,1000
1052,1530,合,7,6,小北路小区,小北,3,1,1,13,500
1053,1260,合,9,18,金碧花园第二金碧,石溪,4,1,1,-1,300
1054,2330,合,19,12,光大花园中海锦榕湾,沙园,4,1,1,8,350
1055,1540,合,11,4,美好居,车陂,4,1,1,4,200
1056,1450,合,10,4,江南大道中142号,江南西,3,1,1,2,150
1057,1800,合,22,3,中海康城花园,黄村（广州）,4,1,1,4,450
1058,1610,合,7,25,润粤大厦,动物园,4,1,1,5,400
1059,1470,合,15,3,侨诚花园秋月苑,东晓南,3,1,1,2,400
1060,1910,合,9,14,马赛国际公寓,潭村,4,1,1,5,900
1061,1620,合,8,16,麓雅居,小北,4,1,1,5,750
1062,1650,合,9,9,穗园小区,华师,4,1,1,3,850
1063,1940,合,11,26,泰康城广场,海珠广场,3,1,1,2,250
1064,1760,合,14,11,美好居,车陂,4,1,1,4,200
1065,1250,合,7,9,雅致花园,燕岗,4,1,1,11,250
1066,1090,合,6,10,金碧花园第二金碧,石溪,4,1,1,-1,300
1067,1690,合,11,7,粤信广场（电梯）,赤岗,3,1,1,8,400
1068,1360,合,10,12,美景花苑,车陂,3,1,1,4,250
1069,1210,合,8,4,东圃顺景大厦,东圃,3,1,1,5,1300
1070,1550,合,16,4,翠怡小区,江泰路,4,1,1,2,50
1071,1230,合,8,9,新业海珠干警小区,石溪,3,1,1,-1,250
1072,1930,合,12,24,华苑大厦,体育西路,5,1,1,1,600
1073,1570,合,14,2,穗花新村,江南西,3,1,1,2,300
1074,1900,合,16,4,东河苑小区,林和西,4,1,1,3,850
1075,1170,合,5,6,逸景翠园,鹭江,4,1,1,8,1350
1076,1580,合,16,11,春江花园,棠东,4,1,1,4,650
1077,2430,合,74,2,华景新城翠安侬苑,华景路,4,1,1,11,750
1078,1550,合,11,12,金燕花苑,燕塘,4,1,1,3,300
1079,1820,合,14,7,金田花苑,岗顶,4,1,1,3,950
1080,1640,合,13,5,穗花新村,江南西,3,1,1,2,300
1081,1570,合,10,13,君华香柏广场,京溪南方医院,3,1,1,3,200
1082,1380,合,9,15,兴禺大厦,广州东站,3,1,1,1,650
1083,1420,合,12,3,擎山苑,京溪南方医院,3,1,1,3,800
1084,1390,合,16,15,燕东大厦,燕塘,5,1,1,3,650
1085,1360,合,9,5,金碧花园第二金碧,石溪,4,1,1,-1,300
1086,1500,合,21,3,东圃法院宿舍小区,东圃,4,1,1,5,700
1087,1370,合,6,10,金豪嘉苑,鹭江,4,1,1,8,650
1088,1620,合,17,4,荷塘月色临风居,萧岗,3,1,1,2,950
1089,2400,合,16,21,跑马地花园,潭村,4,1,1,5,800
1090,1370,合,7,3,白云尚城,江夏,3,1,1,2,200
1091,1350,合,12,16,羊城花园趣苑,东圃,4,1,1,5,1450
1092,1130,合,6,30,宏宇广场,凤凰新村,3,1,1,8,950
1093,1800,合,21,13,东景花园,车陂,3,1,1,4,300
1094,1120,合,7,12,智景花苑,车陂,4,1,1,4,500
1095,980,合,8,1,白云畔山花园,京溪南方医院,4,1,1,3,900
1096,2100,合,17,13,信和广场,昌岗,4,1,1,8,200
1097,2160,合,18,11,云裳丽影,同和,4,1,1,3,450
1098,1630,合,10,8,云山熹景,梅花园,5,1,1,3,350
1099,1410,合,10,11,白云骏景花园,白云文化广场,4,1,1,2,700
1100,1380,合,7,12,骏景花园1,车陂南,6,1,1,4,900
1101,1120,合,6,5,云裳丽影,同和,4,1,1,3,450
1102,1380,合,8,5,逸景翠园,鹭江,5,1,1,8,1350
1103,1770,合,10,17,佳信花园会展星城,赤岗,5,1,1,8,550
1104,1840,合,9,3,共和西小区,杨箕,4,1,1,1,300
1105,1490,合,6,7,共和东路17号楼,杨箕,3,1,1,1,100
1106,1500,合,9,8,时代新世界中心,天平架,5,1,1,6,700
1107,1700,合,8,29,翠城花园,宝岗大道,4,1,1,8,350
1108,1190,合,8,4,东圃顺景大厦,东圃,3,1,1,5,1300
1109,1680,合,10,16,华景新城逸晖居,华景路,3,1,1,11,650
1110,1760,合,17,11,旭景家园C区,黄村（广州）,3,1,1,4,900
1111,1250,合,7,9,城市假日园,车陂,5,1,1,4,850
1112,1740,合,12,18,富基广场,市二宫,4,1,1,2,350
1113,1260,合,8,2,富力天朗明居N区,棠东,4,1,1,4,450
1114,1240,合,13,5,云涛花园,同和,3,1,1,3,150
1115,1040,合,10,2,东怡新区东雅园,番禺广场,4,1,1,3,700
1116,1430,合,18,2,东怡新区东雅园,番禺广场,4,1,1,3,700
1117,1180,合,7,14,鸿成花园,市桥,3,1,1,3,550
1118,1520,合,20,1,东方明珠花苑,白云文化广场,5,2,2,2,550
1119,1690,合,14,22,光大花园榕岸,沙园,5,1,1,8,550
1120,1740,合,7,28,鸿翔大厦,华师,4,1,1,3,450
1121,1870,合,19,12,金碧花园第三金碧,石溪,4,1,1,-1,300
1122,1390,合,8,6,旭景家园D区,黄村（广州）,4,1,1,4,1000
1123,1420,合,7,25,恒安大厦,天河公园,4,1,1,21,450
1124,1550,合,8,6,广海花园二期,科韵路,4,1,1,5,950
1125,1350,合,8,18,兴禺大厦,广州东站,4,1,1,1,650
1126,1620,合,11,24,海悦大厦,市二宫,4,1,2,2,850
1127,1960,合,23,15,光大花园榕景四季,沙园,5,1,1,8,500
1128,1960,合,13,3,中山一路小区,杨箕,4,1,1,1,550
1129,2250,合,22,9,瑞心苑,燕塘,4,1,1,3,800
1130,1250,合,7,20,金碧花园第一金碧,石溪,4,1,1,-1,400
1131,1960,合,14,7,越秀区武警宿舍,北京路,4,1,1,2,500
1132,1810,合,10,13,翠城花园,宝岗大道,3,1,1,8,350
1133,1320,合,9,8,春晖闲庭,永泰,4,1,1,3,300
1134,1420,合,10,8,东尚明苑,黄村（广州）,3,1,1,4,850
1135,1570,合,8,14,信和广场,昌岗,3,1,1,8,200
1136,2270,合,11,11,金泽大厦,黄埔大道,4,1,1,-1,450
1137,1870,合,11,12,赛拉维,天河公园,3,1,1,21,500
1138,1560,合,11,5,美林湖畔花园,三溪,4,1,1,5,550
1139,1320,合,9,3,云景花园云桂苑,京溪南方医院,4,1,1,3,300
1140,1330,合,8,8,南兴花园电梯区,天河客运站,3,1,1,3,1000
1141,1610,合,11,8,天河御品,京溪南方医院,4,1,1,3,550
1142,1110,合,8,3,洛涛南区,洛溪,4,1,1,2,800
1143,1420,合,16,1,东方明珠花苑,白云文化广场,5,2,2,2,550
1144,1290,合,7,2,嘉仕花园,中大,3,1,1,8,950
1145,1530,合,8,29,鸿景园,华师,4,1,1,3,550
1146,2300,合,18,4,骏景花园1,车陂南,4,1,1,4,900
1147,1590,合,7,4,金海花园,岗顶,6,1,2,3,650
1148,1580,合,17,11,擎山苑,京溪南方医院,3,1,1,3,800
1149,2020,合,17,3,嘉怡花园,华师,3,1,1,-1,-1
1150,1800,合,13,11,珠江西苑,广州东站,4,1,1,1,550
1151,1360,合,7,6,侨源山庄虹侨楼,燕塘,4,1,1,3,700
1152,1160,合,6,3,云裳丽影,同和,4,1,1,3,450
1153,1390,合,9,16,怡雅苑,凤凰新村,3,1,1,8,550
1154,1520,合,8,10,远洋天骄,天河客运站,4,1,1,3,950
1155,2230,合,11,23,穗园小区,华师,4,1,1,3,850
1156,1120,合,6,9,南兴花园电梯区,天河客运站,4,1,1,3,1000
1157,1500,合,11,6,可逸名庭,江南西,4,1,1,2,800
1158,1410,合,13,6,天鹅花苑,天河客运站,4,1,1,3,750
1159,1260,合,7,10,云裳丽影,同和,4,1,1,3,450
1160,1190,合,14,1,东方明珠花苑,白云文化广场,5,2,2,2,550
1161,1340,合,10,3,天河广场,车陂,4,1,1,4,800
1162,940,合,5,3,天河广场,车陂,4,1,1,4,800
1163,2600,合,20,18,星汇雅苑,潭村,4,1,1,5,500
1164,1320,合,9,4,南兴花园楼梯区,天河客运站,4,1,1,3,950
1165,1610,合,12,7,豪景花园,天平架,3,1,1,6,750
1166,1590,合,9,8,员村公安宿舍,科韵路,3,1,1,5,550
1167,1440,合,11,3,广东农工商职业技术学院(粤垦路),燕塘,4,1,1,3,550
1168,1420,合,8,4,益鹏翠苑,南洲,3,1,1,2,550
1169,2140,合,18,19,润粤大厦,动物园,4,1,1,5,400
1170,2670,合,11,3,漾晴居,珠江新城,4,1,1,3,500
1171,1710,合,8,6,华苑大厦,体育西路,4,1,1,1,600
1172,1320,合,9,19,金碧花园第二金碧,石溪,4,1,1,-1,300
1173,1980,合,17,12,骏景花园1,车陂南,6,1,1,4,900
1174,1100,合,7,2,美景花苑,车陂,4,1,1,4,250
1175,1430,合,16,2,南园大街小区,江南西,3,1,1,-1,-1
1176,1890,合,15,7,绿茵翠庭,客村,3,1,1,3,1100
1177,1710,合,13,4,骏景花园1,车陂南,5,1,1,4,900
1178,1880,合,10,22,贤人阁,岗顶,3,1,1,3,400
1179,2020,合,9,4,星汇雅苑,潭村,3,1,1,5,500
1180,1820,合,14,1,梅花园站拆迁安置房,梅花园,3,1,1,3,50
1181,1380,合,8,3,美好居,车陂,4,1,1,4,200
1182,1350,合,16,3,云涛花园,同和,4,1,1,3,150
1183,1950,合,12,25,天锦大厦,杨箕,3,1,1,1,250
1184,1610,合,12,6,广船沙园五一新村,沙园,3,1,1,-1,-1
1185,1240,合,6,4,云裳丽影,同和,4,1,1,3,450
1186,1130,合,12,6,卡布奇诺,同和,3,1,1,3,1150
1187,1630,合,9,22,置地广场,市二宫,3,1,1,2,250
1188,1520,合,8,13,华建小区,天河公园,5,1,1,21,550
1189,1450,合,8,8,天河广场,车陂,3,1,1,4,800
1190,2180,合,23,6,光大花园榕岸,沙园,5,1,1,8,550
1191,1780,合,12,7,骏景花园1,车陂南,3,1,1,4,900
1192,2060,合,22,7,美林海岸花园海天苑,员村,4,1,1,5,850
1193,1260,合,8,15,锦丽居一期,东晓南,4,1,1,2,300
1194,1730,合,15,7,鸿富大厦,江南西,4,1,1,2,350
1195,1500,合,13,5,金碧花园第二金碧,石溪,4,1,1,-1,300
1196,1130,合,8,4,雅怡阁,车陂,4,1,1,4,900
1197,1080,合,10,12,东骏苑,番禺广场,4,1,1,-1,-1
1198,1460,合,10,9,时代花园,飞翔公园,4,1,1,2,1200
1199,1740,合,19,4,芙蓉楼,大石,4,1,1,3,400
1200,1350,合,8,10,锦丽居一期,东晓南,4,1,1,2,300
1201,1980,合,16,2,电子七所社区（楼梯）,客村,4,1,1,3,300
1202,1260,合,6,20,金碧花园第三金碧,石溪,4,1,1,-1,300
1203,1780,合,15,2,江南大道中东街15号,江南西,5,1,2,2,450
1204,1400,合,7,32,嘉仕花园尚海轩,中大,4,1,1,8,950
1205,1800,合,7,14,嘉尚国际公寓,广州东站,4,1,1,1,700
1206,3080,合,17,9,嘉宝华庭,石牌桥,4,1,1,3,350
1207,1990,合,8,8,琶洲新村,万胜围,4,1,1,8,300
1208,1890,合,16,7,春江花园,棠东,3,1,1,4,650
1209,1810,合,16,6,盈彩美居,三溪,3,1,1,5,1150
1210,1590,合,16,3,东圃广场,黄村（广州）,3,1,1,4,1000
1211,2060,合,18,15,骏景花园1,车陂南,4,1,1,4,900
1212,1930,合,18,13,云景名都,京溪南方医院,3,1,1,3,350
1213,1660,合,12,3,恒骏花园,京溪南方医院,4,1,1,3,300
1214,1640,合,11,11,嘉鸿花园金玫瑰园,石溪,4,1,1,-1,650
1215,1610,合,10,2,柏蕙花园,鹭江,4,1,1,8,350
1216,1560,合,20,2,倚绿山庄,同和,3,1,1,3,550
1217,2350,合,15,2,育蕾小区,体育西路,4,1,1,-1,-1
1218,1300,合,9,2,天河广场,车陂,3,1,1,4,800
1219,1590,合,7,10,金豪嘉苑,鹭江,4,1,1,8,650
1220,1470,合,12,14,梅滨大厦,梅花园,4,1,1,3,700
1221,2220,合,30,24,汇和大厦,江夏,5,1,1,2,250
1222,1650,合,10,12,美好居,车陂,3,1,1,4,200
1223,1490,合,17,16,羊城花园趣苑,东圃,4,1,1,5,1450
1224,2030,合,20,11,怡安花园(怡安路),市二宫,4,1,1,2,500
1225,2220,合,12,6,泓景花园,赤岗,4,1,1,8,700
1226,2600,合,17,6,跑马地花园,潭村,3,1,1,5,800
1227,1750,合,9,11,珠江西苑,广州东站,4,1,1,1,550
1228,1860,合,13,1,大家庭花园,琶洲,3,1,1,8,350
1229,1820,合,15,4,骏景花园1,车陂南,5,1,1,4,900
1230,1470,合,7,13,叠彩园彩云轩,鹭江,4,1,1,8,1050
1231,1440,合,8,4,南燕苑,江泰路,3,1,1,2,550
1232,1950,合,11,24,华乐大厦,淘金,4,1,1,5,200
1233,1510,合,10,3,倚绿山庄,同和,4,1,1,3,550
1234,1530,合,10,3,华景新城怡翠居,华景路,4,1,1,11,150
1235,1280,合,8,4,五星阁,燕塘,4,1,1,3,650
1236,3790,合,22,9,星汇园C区,珠江新城,4,1,1,3,400
1237,2050,合,6,10,隽峰苑,猎德,5,1,1,5,150
1238,1700,合,15,4,鸿通花苑,梅花园,4,1,1,3,800
1239,1420,合,23,2,东怡新区东雅园,番禺广场,4,1,1,3,700
1240,1410,合,19,3,北城白云花园,市桥,6,1,2,3,700
1241,1950,合,8,16,枫丹雅筑,岗顶,4,1,1,3,550
1242,2030,合,16,9,美林海岸花园,科韵路,3,1,1,5,650
1243,2130,合,13,18,星汇雅苑,潭村,4,1,1,5,500
1244,1750,合,8,16,海逸花园,市二宫,4,2,1,2,450
1245,1790,合,10,6,珠江西苑,广州东站,4,1,1,1,550
1246,2090,合,16,2,华港花园华港西街,天河公园,4,1,1,21,1100
1247,1690,合,8,3,江南美景花园,中大,3,1,1,8,50
1248,1550,合,8,3,鸿燕居,燕塘,3,1,1,3,200
1249,1170,合,7,9,珠江俊园,华景路,5,1,1,11,850
1250,1200,合,10,2,云涛花园,同和,4,1,1,3,150
1251,1960,合,10,16,丰兴广场,石牌桥,5,1,2,3,200
1252,1950,合,12,20,翠湖山庄,天河公园,4,1,1,21,1000
1253,2400,合,18,33,泰康城广场,海珠广场,3,1,1,2,250
1254,1790,合,17,6,云景花园云桦苑,京溪南方医院,4,1,1,3,550
1255,2020,合,13,12,春晖闲庭,永泰,5,1,1,3,300
1256,1490,合,9,2,农垦总局,广州东站,3,1,1,1,1250
1257,1620,合,13,8,侨诚花园秋月苑,东晓南,3,1,1,2,400
1258,1560,合,14,14,景晖苑小区,天河客运站,5,1,1,3,900
1259,1700,合,14,12,晓安苑,江泰路,4,1,1,2,500
1260,1610,合,10,3,淘金街小区,淘金,4,1,1,5,350
1261,1560,合,8,9,海逸花园,市二宫,4,1,1,2,450
1262,1390,合,9,9,海逸花园,市二宫,4,1,1,2,450
1263,1710,合,11,5,愉景南苑,鹭江,4,1,1,8,350
1264,2060,合,16,2,春江花园,棠东,4,1,1,4,650
1265,1530,合,8,15,江源半岛花园,车陂南,4,1,1,4,50
1266,1490,合,8,7,美林海岸花园,科韵路,5,1,1,5,650
1267,1650,合,11,8,珠江广场乐陶楼,鹭江,4,1,1,8,900
1268,1870,合,20,3,万华花园-六星台,东晓南,4,1,1,2,600
1269,1580,合,8,17,金碧花园第三金碧,石溪,3,1,1,-1,300
1270,1980,合,11,30,翠湖山庄,天河公园,3,1,1,21,1000
1271,1760,合,11,9,隆基怡苑倚翠轩,梅花园,3,1,1,3,900
1272,2170,合,18,27,富景花园,中大,4,1,1,8,350
1273,2330,合,12,14,丰兴广场,石牌桥,5,1,1,3,200
1274,1940,合,21,18,南景园清雅轩,江泰路,4,1,1,2,550
1275,1470,合,8,10,云景花园云枫苑,京溪南方医院,4,1,1,3,550
1276,1760,合,10,10,华景新城信华花园,华景路,4,1,1,11,950
1277,1290,合,7,6,中山二院小区,东晓南,4,1,1,2,450
1278,2300,合,24,6,美林海岸花园碧水轩,科韵路,4,1,1,5,800
1279,1520,合,8,5,富力天朗明居S区,车陂,4,1,1,4,350
1280,1570,合,10,12,时代玫瑰园二期,黄边,4,1,1,2,400
1281,1480,合,13,10,金碧花园第二金碧,石溪,4,1,1,-1,300
1282,2100,合,23,14,合生颐景华苑,东晓南,4,1,1,2,200
1283,1510,合,13,17,羊城花园趣苑,东圃,5,1,1,5,1450
1284,2430,合,21,4,天一新村A区,燕塘,4,1,1,3,1100
1285,1640,合,12,4,骏景花园1,车陂南,5,1,1,4,900
1286,1880,合,12,10,和平家园,鹭江,3,1,1,8,1150
1287,1990,合,17,13,兴禺大厦,广州东站,3,1,1,1,650
1288,2340,合,18,6,云景名都,京溪南方医院,4,1,1,3,350
1289,2080,合,14,27,富景花园,中大,4,1,1,8,350
1290,1990,合,14,8,珠江帝景苑倚泓轩,广州塔,5,1,1,3,850
1291,1830,合,9,16,枫丹雅筑,岗顶,4,1,1,3,550
1292,1440,合,9,4,南兴花园楼梯区,天河客运站,4,1,1,3,950
1293,1390,合,10,16,华建小区,天河公园,6,1,2,21,550
1294,1310,合,7,4,东圃法院宿舍小区,东圃,4,1,1,5,700
1295,1500,合,11,4,迎海花园,黄村（广州）,4,1,1,4,900
1296,1480,合,9,2,华乐苑(楼梯),鹭江,4,1,1,8,600
1297,1500,合,12,17,羊城花园趣苑,东圃,5,1,1,5,1450
1298,1440,合,7,1,宝和巷102号,江南西,4,1,1,2,200
1299,1850,合,14,5,华江花园,天河公园,3,1,1,21,800
1300,1510,合,10,6,金碧花园第三金碧,石溪,4,1,1,-1,300
1301,1420,合,10,5,云景花园云桂苑,京溪南方医院,4,1,1,3,300
1302,3420,合,17,14,保利心语花园,猎德,4,1,1,5,350
1303,2390,合,21,4,远洋天骄,天河客运站,4,1,1,3,950
1304,1830,合,17,2,乐意居花苑,天河客运站,3,1,1,3,1250
1305,1800,合,12,22,天鸿阁,燕塘,3,1,1,3,250
1306,1370,合,18,2,开阳阁,番禺广场,4,1,1,3,1000
1307,1830,合,15,12,万华花园-五福阁,东晓南,4,1,1,2,550
1308,1410,合,10,12,盈彩美居,三溪,4,1,1,5,1150
1309,1610,合,11,6,擎山苑,京溪南方医院,3,1,1,3,800
1310,1720,合,17,1,保利花园静雅街,燕岗,4,1,1,11,400
1311,1730,合,8,7,愉景雅苑,鹭江,4,1,1,8,500
1312,1720,合,15,2,保利林海山庄,植物园,4,1,1,6,650
1313,2040,合,12,30,翠湖山庄,天河公园,3,1,1,21,1000
1314,1460,合,8,7,南国嘉园苹果城,车陂,3,1,1,4,650
1315,2290,合,10,22,保利中辰广场,岗顶,3,1,1,-1,-1
1316,1640,合,15,3,中海康城花园,黄村（广州）,3,1,1,4,450
1317,2250,合,15,2,龙口小区,岗顶,4,1,1,3,200
1318,1790,合,9,5,穗园小区,华师,4,1,1,3,850
1319,1750,合,16,11,中海康城花园,黄村（广州）,3,1,1,4,450
1320,1280,合,8,3,富和花园,同和,3,1,1,3,350
1321,1270,合,8,3,富和花园,同和,3,1,1,3,350
1322,1370,合,10,5,白云畔山花园,京溪南方医院,4,1,1,3,900
1323,1250,合,9,3,侨诚花园秋月苑,东晓南,4,1,1,2,400
1324,1420,合,12,4,白云骏景,白云文化广场,4,1,1,2,750
1325,1550,合,32,2,民航小区南云西街,飞翔公园,4,1,1,2,950
1326,1530,合,10,9,擎山苑,京溪南方医院,3,1,1,3,800
1327,1920,合,15,3,天雅阁,华师,3,1,1,-1,-1
1328,1300,合,11,14,鸿成花园,市桥,3,1,1,3,550
1329,1430,合,14,14,鸿成花园,市桥,3,1,1,3,550
1330,1870,合,15,17,穗花新村,江南西,3,1,1,2,300
1331,2110,合,13,3,世港国际公寓,磨碟沙,4,1,1,8,600
1332,1170,合,6,6,逸景翠园,鹭江,5,1,1,8,1350
1333,1810,合,10,11,顺景雅苑,中大,4,1,1,8,400
1334,2010,合,17,8,员村公安宿舍,科韵路,3,1,1,5,550
1335,2210,合,12,16,美林海岸花园,科韵路,3,1,1,5,650
1336,1440,合,7,11,紫丹阁,江南西,4,1,1,2,100
1337,1720,合,12,12,金燕花苑,燕塘,4,1,1,3,300
1338,1270,合,6,12,金燕花苑,燕塘,4,1,1,3,300
1339,2040,合,10,21,珠江帝景苑克莱国际公寓灏景轩,广州塔,5,1,1,3,500
1340,1880,合,10,14,富基广场,市二宫,3,1,1,2,350
1341,1640,合,6,7,珠江帝景苑克莱国际公寓灏景轩,广州塔,6,1,1,3,500
1342,1910,合,14,7,金燕花苑,燕塘,4,1,1,3,300
1343,1910,合,9,13,芳草园,华师,4,1,1,3,800
1344,2350,合,12,7,广信晖景大厦,五羊邨,3,1,1,5,400
1345,1350,合,9,2,南兴花园电梯区,天河客运站,4,1,1,3,1000
1346,2520,合,20,7,畔江花园,磨碟沙,4,1,1,-1,-1
1347,1980,合,12,8,育兰小区,体育西路,4,1,2,1,300
1348,1960,合,17,30,君华香柏广场,京溪南方医院,4,1,1,3,200
1349,1710,合,11,19,时代新世界中心,天平架,4,1,1,6,700
1350,2430,合,22,3,侨乐新村嘉德利湾,天平架,4,1,1,6,400
1351,1980,合,18,10,翠湖山庄,天河公园,3,1,1,21,1000
1352,1090,合,5,2,华景新城信华花园,华景路,4,1,1,11,950
1353,1650,合,9,6,逸景翠园,鹭江,4,1,1,8,1350
1354,1520,合,12,13,宝泉大厦,宝岗大道,4,1,1,8,400
1355,1790,合,14,2,永福楼,沙河顶,4,1,1,6,600
1356,2180,合,11,7,华逸锦轩,杨箕,3,1,1,1,350
1357,2470,合,16,20,华友大厦,杨箕,5,1,1,5,950
1358,2010,合,21,27,怡新花园怡盛阁,梅花园,5,1,1,3,150
1359,1230,合,12,8,建兴大厦,市桥,4,1,1,-1,-1
1360,1010,合,6,27,侨基花园,市桥,4,1,1,3,650
1361,1130,合,9,3,如意花园,洛溪,4,1,2,2,400
1362,1550,合,11,24,汇和大厦,江夏,5,1,1,2,250
1363,1480,合,17,3,春晖闲庭,永泰,4,1,1,3,300
1364,1870,合,22,3,春晖闲庭,永泰,4,1,1,3,300
1365,1960,合,17,2,万华花园-三贤楼,东晓南,4,1,1,2,700
1366,1990,合,13,16,海逸花园,市二宫,4,2,1,2,450
1367,1370,合,11,8,盈彩美居华彩轩,三溪,4,1,1,5,1050
1368,1760,合,13,5,富力天禧花园,车陂,4,1,1,4,450
1369,2230,合,20,15,银华大厦,晓港,4,1,1,8,350
1370,1730,合,16,13,天雅居C区,黄村（广州）,4,1,1,4,1100
1371,1330,合,7,1,保利花园静雅街,燕岗,4,1,1,11,400
1372,1840,合,13,14,江南美景花园,中大,3,1,1,8,50
1373,1520,合,23,4,云东小区,同和,4,1,1,3,150
1374,1690,合,6,17,影城花园,客村,3,1,1,3,200
1375,1570,合,6,10,纵横国际公寓,赤岗,4,1,1,8,400
1376,1790,合,17,18,兴禺大厦,广州东站,4,1,1,1,650
1377,1930,合,9,7,珠江帝景苑赏湖轩,广州塔,4,1,1,3,550
1378,1890,合,18,9,石牌南门苑,华师,3,1,1,3,650
1379,1530,合,10,9,新业海珠干警小区,石溪,3,1,1,-1,250
1380,1750,合,29,1,橡树园,燕塘,3,1,1,3,900
1381,1490,合,10,3,车陂检察院宿舍,车陂,4,1,1,4,500
1382,2210,合,15,11,天盛大厦,天河南,3,1,1,-1,350
1383,2040,合,21,8,顺景雅苑,中大,3,1,1,8,400
1384,1830,合,13,5,叠彩园金桦轩,鹭江,3,1,1,8,1050
1385,1750,合,8,5,朗晴居二期,市二宫,4,1,1,-1,-1
1386,1510,合,8,4,恒骏花园,京溪南方医院,4,1,1,3,300
1387,1740,合,19,11,盈彩美居,三溪,4,1,1,5,1150
1388,1290,合,11,5,黄埔雅苑,大沙东,4,1,1,5,550
1389,1520,合,17,9,番禺海关宿舍,番禺广场,4,1,1,3,700
1390,1550,合,9,6,富信广场,广州东站,3,1,1,1,900
1391,1680,合,10,3,南园居,琶洲,3,1,1,8,450
1392,1860,合,13,4,粤信广场（电梯）,赤岗,3,1,1,8,400
1393,1460,合,8,2,怡乐路53号大院,中大,3,1,1,8,600
1394,2060,合,11,11,光大花园榕景四季,沙园,3,1,1,8,500
1395,1710,合,10,4,南园居,琶洲,4,1,1,8,450
1396,1470,合,10,8,豪景花园,天平架,3,1,1,6,750
1397,1880,合,18,3,凤凰新村,五山,4,1,1,-1,-1
1398,1580,合,10,8,云山翠苑,天平架,6,1,2,6,500
1399,1820,合,14,11,逸景翠园,鹭江,4,1,1,8,1350
1400,1570,合,10,7,时代新世界中心,天平架,4,1,1,6,700
1401,2000,合,12,2,丽景花苑,磨碟沙,3,1,1,8,250
1402,1640,合,12,15,兴禺大厦,广州东站,3,1,1,1,650
1403,1550,合,12,2,南兴花园电梯区,天河客运站,4,1,1,3,1000
1404,1570,合,15,3,倚绿山庄,同和,4,1,1,3,550
1405,1330,合,8,6,珠光御景骏庭,东圃,4,1,1,5,350
1406,1420,合,8,11,星汇晴轩,飞翔公园,4,1,1,2,750
1407,1200,合,11,3,东晟明珠花园明珠苑,番禺广场,6,1,2,-1,-1
1408,1720,合,11,10,绿茵翠庭,客村,4,1,1,3,1100
1409,1750,合,10,13,翠城花园,宝岗大道,4,1,1,8,350
1410,1860,合,15,2,海富花园B区,江泰路,3,1,1,2,250
1411,1260,合,9,7,东尚明苑,黄村（广州）,3,1,1,4,850
1412,1550,合,11,5,尚领时代,石溪,3,1,1,-1,550
1413,1570,合,14,10,保利花园丝雨街,燕岗,4,1,1,11,500
1414,1710,合,11,27,宏宇广场,凤凰新村,3,1,1,8,950
1415,1510,合,9,13,富信广场,广州东站,3,1,1,1,900
1416,1440,合,8,3,翠怡小区,江泰路,4,1,1,2,50
1417,2020,合,17,5,昌岗东电信大厦,晓港,4,1,1,8,100
1418,1800,合,8,14,丽景湾,鹭江,4,1,1,8,950
1419,2520,合,23,17,置地广场,市二宫,3,1,1,2,250
1420,1510,合,9,21,保利花园沁泉街,燕岗,4,1,1,11,400
1421,1740,合,6,23,东方之珠花园,华师,3,1,1,3,150
1422,1780,合,11,7,紫荆小区,广州东站,4,1,1,1,650
1423,1760,合,11,12,美林海岸花园临江湾,科韵路,3,1,1,5,850
1424,1210,合,7,19,雅怡阁,车陂,4,1,1,4,900
1425,1870,合,8,11,淘金大厦,淘金,4,1,1,5,750
1426,1550,合,13,3,保利林海山庄,植物园,4,1,1,6,650
1427,1660,合,13,10,华景新城信华花园,华景路,4,1,1,11,950
1428,1630,合,8,8,福金莲花园,天河公园,3,1,1,21,850
1429,2030,合,22,8,天河御品,京溪南方医院,4,1,1,3,550
1430,2210,合,26,4,鸿通花苑,梅花园,4,1,1,3,800
1431,1490,合,14,6,麓景东大院,小北,4,1,1,5,600
1432,1570,合,10,8,水荫公安局宿舍,沙河顶,3,1,1,-1,-1
1433,1150,合,14,4,北丽园,市桥,4,1,1,3,750
1434,1240,合,9,5,棠德花园B区,棠东,4,1,1,21,650
1435,1300,合,8,6,保利花园镜湖西街,燕岗,4,1,1,11,400
1436,1430,合,10,8,江南大道中214号,江南西,3,1,1,2,300
1437,2300,合,24,27,海印南苑三期,晓港,5,1,2,8,1050
1438,1770,合,15,7,宏宇广场,凤凰新村,3,1,1,8,950
1439,1930,合,12,4,雅郡花园,万胜围,5,1,1,8,500
1440,2200,合,23,6,怡新花园怡豪阁,梅花园,5,1,1,3,300
1441,2010,合,11,15,影城花园,客村,3,1,1,3,200
1442,2060,合,16,11,翠湖山庄,天河公园,4,1,1,21,1000
1443,1510,合,10,5,云景花园云桂苑,京溪南方医院,4,1,1,3,300
1444,1970,合,19,13,华颖轩,潭村,4,1,1,5,900
1445,1640,合,7,2,丽景花苑,磨碟沙,3,1,1,8,250
1446,2070,合,14,7,共和东路17号楼,杨箕,3,1,1,1,100
1447,2190,合,11,12,东悦居,五羊邨,3,1,1,5,150
1448,1670,合,13,6,可逸名庭,江南西,4,1,1,2,800
1449,1670,合,13,6,珠光御景骏庭,东圃,4,1,1,5,350
1450,1730,合,10,3,天雅阁,华师,3,1,1,-1,-1
1451,1720,合,8,6,东环路4号大院,动物园,4,1,1,5,200
1452,960,合,8,4,石化生活区,文冲,4,1,1,5,350
1453,930,合,7,12,如意中心,洛溪,4,1,1,2,600
1454,1350,合,15,3,北城白云花园,市桥,6,1,2,3,700
1455,2290,合,7,24,星汇园A区,珠江新城,4,1,1,3,400
1456,2670,合,20,7,新港商厦,磨碟沙,4,1,1,8,300
1457,1720,合,21,12,美景花苑,车陂,3,1,1,4,250
1458,1210,合,7,18,保利红棉花园,燕岗,4,1,1,11,450
1459,1360,合,6,4,云景花园云景苑,京溪南方医院,4,1,1,3,250
1460,1640,合,17,18,天河广场,车陂,4,1,1,4,800
1461,2170,合,16,2,骏景花园1,车陂南,4,1,1,4,900
1462,2550,合,31,4,骏景花园1,车陂南,5,1,1,4,900
1463,1220,合,5,4,先烈东横路36号大院,沙河顶,4,1,1,6,500
1464,1740,合,7,32,芭堤水岸,鹭江,4,1,1,8,950
1465,2080,合,19,7,骏景花园1,车陂南,3,1,1,4,900
1466,1190,合,6,12,华景新城芳满庭园,华景路,4,1,1,11,900
1467,1580,合,9,11,云裳丽影,同和,4,1,1,3,450
1468,1670,合,11,22,华景新城信华花园,华景路,4,1,1,11,950
1469,1400,合,9,7,侨源山庄雅侨楼,燕塘,3,1,1,3,550
1470,1790,合,13,2,永福楼,沙河顶,4,1,1,6,600
1471,1220,合,14,6,丰乐小区,大沙东,3,1,1,5,450
1472,2130,合,10,24,天誉花园,林和西,3,1,1,-1,-1
1473,1640,合,8,12,赛拉维,天河公园,3,1,1,21,500
1474,1500,合,7,3,江南苑,沙园,4,1,1,-1,-1
1475,1020,合,5,4,星晖园,南洲,5,1,1,-1,-1
1476,1660,合,10,3,云裳丽影,同和,4,1,1,3,450
1477,1550,合,9,18,富力现代广场,凤凰新村,4,1,1,8,300
1478,1290,合,8,25,华港花园豪情湾,华景路,4,1,1,11,300
1479,1530,合,11,18,兴禺大厦,广州东站,4,1,1,1,650
1480,2220,合,11,20,帝景大厦,淘金,4,1,2,5,150
1481,1550,合,8,8,海逸花园,市二宫,3,1,1,2,450
1482,3110,合,18,6,保利心语花园,猎德,4,1,1,5,350
1483,1700,合,11,3,怡新花园怡盛阁,梅花园,5,1,1,3,150
1484,1540,合,11,7,枫华苑,华景路,4,1,1,21,1750
1485,1460,合,14,4,翠怡小区,江泰路,4,1,1,2,50
1486,2100,合,15,2,远洋小区,林和西,4,1,1,3,600
1487,1920,合,16,8,华江花园,天河公园,5,1,2,21,800
1488,1750,合,9,32,光大花园榕岸,沙园,4,1,1,8,550
1489,1510,合,9,17,南景园君兰轩,江泰路,3,1,1,2,550
1490,1500,合,8,2,米兰苑,广州塔,3,1,1,3,700
1491,1720,合,9,20,富信广场,广州东站,3,1,1,1,900
1492,1690,合,11,27,翠湖山庄,天河公园,4,1,1,21,1000
1493,2530,合,16,24,远洋明珠大厦,珠江新城,3,1,1,3,450
1494,1460,合,7,3,时代花生二期,天平架,3,1,1,6,700
1495,1540,合,8,4,电子七所社区（楼梯）,客村,4,1,1,3,300
1496,1640,合,8,7,畔江花园,磨碟沙,4,1,1,-1,-1
1497,1600,合,7,20,赛拉维,天河公园,4,1,1,21,500
1498,2270,合,22,18,岭南新世界,嘉禾望岗,4,1,1,2,750
1499,2040,合,19,1,保利林海山庄,植物园,3,1,1,6,650
1500,1850,合,11,11,光大花园华榕苑,沙园,4,1,1,8,500
1501,1700,合,17,8,兰亭盛荟,东圃,4,1,1,5,650
1502,1830,合,15,14,春江花园,棠东,4,1,1,4,650
1503,1820,合,9,10,东方之珠花园,华师,4,1,1,3,150
1504,1430,合,8,3,海逸花园,市二宫,3,1,1,2,450
1505,1720,合,12,21,合生颐景华苑,东晓南,4,1,1,2,200
1506,1100,合,6,11,天河广场,车陂,4,1,1,4,800
1507,1730,合,12,12,美好居,车陂,3,1,1,4,200
1508,1480,合,7,7,洪德居,同福西,3,1,1,8,250
1509,1550,合,13,2,新港西路28号小区,中大,3,1,1,8,300
1510,2050,合,15,1,广工教师新村,华师,4,1,1,3,1300
1511,2130,合,15,4,云景花园云景苑,京溪南方医院,4,1,1,3,250
1512,1530,合,8,4,骏景花园1,车陂南,4,1,1,4,900
1513,2020,合,19,3,云景花园云桂苑,京溪南方医院,4,1,1,3,300
1514,2010,合,9,4,畔江花园,磨碟沙,4,1,1,-1,-1
1515,1810,合,19,1,华景公安宿舍,华景路,3,1,1,11,150
1516,1980,合,20,9,罗马家园,沥滘,4,1,1,3,600
1517,1160,合,9,3,如意花园,洛溪,3,1,1,2,400
1518,1970,合,27,1,白云尚城,江夏,4,1,1,2,200
1519,1540,合,7,12,佳滨苑,晓港,3,1,1,8,1100
1520,2180,合,14,10,珠江帝景苑赏湖轩,广州塔,5,1,1,3,550
1521,1830,合,19,7,金碧花园第一金碧,石溪,4,1,1,-1,400
1522,1560,合,12,17,宏宇广场,凤凰新村,4,1,2,8,950
1523,1310,合,10,2,春江花园,棠东,4,1,1,4,650
1524,1740,合,15,16,江南花园,沙园,4,1,1,8,700
1525,2020,合,18,3,水产大院,市二宫,4,1,1,-1,-1
1526,1510,合,11,24,天河广场,车陂,4,1,1,4,800
1527,2190,合,19,24,天河广场,车陂,4,1,1,4,800
1528,1920,合,17,1,广海花园,科韵路,5,1,2,5,950
1529,2270,合,11,11,水蓝郡花园,万胜围,8,1,3,8,250
1530,1780,合,13,3,中海康城花园,黄村（广州）,3,1,1,4,450
1531,1550,合,11,4,江南翠菊园,江南西,4,1,1,2,250
1532,1650,合,17,2,龙怡苑,黄村（广州）,4,1,1,4,1300
1533,1300,合,7,3,美好居,车陂,4,1,1,4,200
1534,1490,合,12,16,合一国际,同和,5,1,2,3,650
1535,1180,合,5,17,骏景花园1,车陂南,4,1,1,4,900
1536,2650,合,20,3,江南美景花园,中大,3,1,1,8,50
1537,1810,合,14,3,新燕花园B区,燕塘,4,1,1,3,400
1538,1480,合,6,17,天成大厦,岗顶,4,1,1,3,300
1539,1470,合,9,3,美林湖畔花园,三溪,4,1,1,5,550
1540,2230,合,22,3,美林湖畔花园,三溪,4,1,1,5,550
1541,2360,合,21,11,华友大厦,杨箕,3,1,1,5,950
1542,1830,合,16,5,云景花园云桂苑,京溪南方医院,4,1,1,3,300
1543,2600,合,19,3,中山一路小区,杨箕,3,1,1,1,550
1544,1650,合,10,9,美林海岸花园临江湾,科韵路,6,1,2,5,850
1545,1330,合,10,11,康盈阁,飞翔公园,5,1,1,2,700
1546,1570,合,8,21,跑马地花园,潭村,4,1,1,5,800
1547,1530,合,12,10,天河广场,车陂,4,1,1,4,800
1548,2120,合,12,10,丽园雅庭,客村,4,1,1,3,500
1549,1390,合,12,11,春江花园,棠东,4,1,1,4,650
1550,2170,合,24,18,华景新城翠安侬苑,华景路,5,1,1,11,750
1551,1800,合,18,4,江南大道中142号,江南西,3,1,1,2,150
1552,1460,合,11,8,盈彩美居,三溪,3,1,1,5,1150
1553,1550,合,12,15,旭景家园A区,黄村（广州）,3,1,1,4,800
1554,2330,合,17,20,云裳丽影,同和,4,1,1,3,450
1555,2050,合,18,16,逸景翠园,鹭江,3,1,1,8,1350
1556,1770,合,7,20,淘金华庭,淘金,3,1,1,5,750
1557,1600,合,15,7,云景花园云桂苑,京溪南方医院,4,1,1,3,300
1558,1830,合,19,6,景晖苑小区,天河客运站,4,1,1,3,900
1559,1160,合,6,3,富庭华园,大石,4,1,1,3,1050
1560,1620,合,9,10,绿茵翠庭,客村,4,1,1,3,1100
1561,2340,合,21,27,云裳丽影,同和,4,1,1,3,450
1562,1410,合,12,3,华港花园华港北街,天河公园,4,1,1,3,1450
1563,1530,合,8,3,大家庭花园,琶洲,4,1,1,8,350
1564,1740,合,12,18,晓港湾晓城大厦,东晓南,3,1,1,2,150
1565,1900,合,10,7,佳信花园会展星城,赤岗,4,1,1,8,550
1566,2230,合,14,14,嘉尚国际公寓,广州东站,4,1,1,1,700
1567,1260,合,6,14,嘉鸿花园金玫瑰园,石溪,4,1,1,-1,650
1568,1230,合,12,4,白云制药厂前山宿舍,同和,3,1,1,3,450
1569,1790,合,23,5,骏景花园1,车陂南,5,1,1,4,900
1570,1650,合,10,4,电子七所社区（楼梯）,客村,4,1,1,3,300
1571,2470,合,17,6,淘金花园,淘金,4,1,1,5,800
1572,1530,合,12,15,锦丽居一期,东晓南,4,1,1,2,300
1573,1840,合,10,4,广东省政府大院,体育西路,3,1,1,1,850
1574,1760,合,11,11,美林海岸花园云河轩,科韵路,5,1,2,5,650
1575,2940,合,26,8,新庆花园,猎德,6,1,2,5,950
1576,1480,合,13,6,财政局宿舍,科韵路,4,1,1,5,450
1577,2620,合,21,3,富力现代广场,凤凰新村,4,1,1,8,300
1578,1490,合,9,10,逸景翠园,鹭江,4,1,1,8,1350
1579,1370,合,8,6,嘉鸿花园,石溪,3,1,1,-1,500
1580,1430,合,7,10,美好居,车陂,3,1,1,4,200
1581,1720,合,13,15,旭景家园A区,黄村（广州）,3,1,1,4,800
1582,1640,合,9,11,恒骏花园,京溪南方医院,5,1,2,3,300
1583,1300,合,13,2,云涛花园,同和,4,1,1,3,150
1584,1500,合,8,2,旭景家园B区,黄村（广州）,3,1,1,4,900
1585,1680,合,8,5,天寿路宿舍区,广州东站,4,1,1,1,1000
1586,1400,合,7,11,南景园清雅轩,江泰路,3,1,1,2,550
1587,1770,合,12,12,朝晖苑,林和西,3,1,1,3,800
1588,1670,合,14,21,保利花园沁泉街,燕岗,4,1,1,11,400
1589,2200,合,10,17,金迪大厦,杨箕,3,1,1,1,400
1590,1500,合,8,4,天鹅湾,沙园,3,1,1,8,650
1591,1590,合,12,5,淘金路小区,淘金,4,1,1,5,500
1592,1560,合,11,8,云景花园云枫苑,京溪南方医院,4,1,1,3,550
1593,1110,合,8,5,吉祥北园A区,洛溪,4,1,1,2,100
1594,1480,合,16,5,儒苑小区,江夏,4,1,1,2,400
1595,1460,合,9,2,棠德花园E区,棠东,3,1,1,21,550
1596,1460,合,18,17,金碧领秀国际,裕丰围,4,1,1,13,700
1597,1790,合,15,6,锦丽居二期,东晓南,4,1,1,2,350
1598,1640,合,8,2,美林海岸花园,科韵路,3,1,1,5,650
1599,1550,合,9,20,瀚林水岸,中大,4,1,1,8,750
1600,1670,合,17,5,城市假日园,车陂,4,1,1,4,850
1601,1820,合,13,18,华建大厦,天河公园,6,1,2,21,800
1602,1630,合,5,8,珠江帝景苑克莱国际公寓灏景轩,广州塔,5,1,1,3,500
1603,1920,合,16,4,芳草轩,南洲,3,1,1,2,650
1604,1880,合,18,15,旭景家园A区,黄村（广州）,3,1,1,4,800
1605,1590,合,11,6,天鹅花苑,天河客运站,3,1,1,3,750
1606,2010,合,15,4,金燕花苑,燕塘,3,1,1,3,300
1607,1440,合,14,16,怡雅苑,凤凰新村,3,1,1,8,550
1608,1450,合,11,7,东圃法院宿舍小区,东圃,4,1,1,5,700
1609,1760,合,15,2,中海康城花园,黄村（广州）,4,1,1,4,450
1610,1570,合,11,17,盈彩美居云彩轩,三溪,4,1,1,5,1000
1611,1190,合,7,5,美景花苑,车陂,4,1,1,4,250
1612,1640,合,9,9,金田花苑,岗顶,4,1,1,3,950
1613,1990,合,19,8,时代新世界中心,天平架,5,1,1,6,700
1614,2060,合,20,3,云龙苑,天平架,4,1,1,6,800
1615,2120,合,12,5,麓湖御景,淘金,4,1,1,5,600
1616,1600,合,7,4,天寿路宿舍区,广州东站,4,1,1,1,1000
1617,1870,合,11,4,天寿路宿舍区,广州东站,4,1,1,1,1000
1618,1980,合,10,6,天锦大厦,杨箕,3,1,1,1,250
1619,1890,合,12,5,朗晴居二期,市二宫,4,1,1,-1,-1
1620,1860,合,23,3,城市假日园,车陂,4,1,1,4,850
1621,3040,合,21,24,天誉花园,林和西,3,1,1,-1,-1
1622,1840,合,23,5,美景花苑,车陂,4,1,1,4,250
1623,1410,合,8,11,春江花园,棠东,4,1,1,4,650
1624,1660,合,10,1,大家庭花园,琶洲,3,1,1,8,350
1625,1340,合,8,13,宏宇广场,凤凰新村,3,1,1,8,950
1626,1300,合,7,4,东和花苑,员村,4,1,1,-1,-1
1627,1860,合,18,9,华景新城信华花园,华景路,4,1,1,11,950
1628,1650,合,10,23,美林海岸花园,科韵路,5,1,1,5,650
1629,1670,合,10,23,美林海岸花园,科韵路,5,1,1,5,650
1630,2120,合,13,8,德欣小区,石牌桥,3,1,1,3,400
1631,1870,合,11,6,星品,磨碟沙,4,1,1,-1,-1
1632,1700,合,13,12,智景花苑,车陂,4,1,1,4,500
1633,1420,合,9,3,景安花园,三溪,5,2,2,5,1650
1634,2770,合,23,6,天诚广场,华师,4,1,1,3,500
1635,1410,合,7,7,锦丽居一期,东晓南,4,1,1,2,300
1636,1700,合,9,10,顺华名庭,中大,4,1,1,8,600
1637,1800,合,21,3,美林湖畔花园,三溪,4,1,1,5,550
1638,1590,合,14,4,五仙花园,天平架,3,1,1,6,850
1639,1510,合,9,4,兴禺大厦,广州东站,4,1,1,1,650
1640,2320,合,18,11,华友大厦,杨箕,3,1,1,5,950
1641,1720,合,11,23,金碧花园第二金碧,石溪,3,1,1,-1,300
1642,1380,合,7,23,金碧花园第二金碧,石溪,3,1,1,-1,300
1643,1490,合,9,6,绿茵翠庭,客村,3,1,1,3,1100
1644,1630,合,12,6,绿茵翠庭,客村,3,1,1,3,1100
1645,1830,合,20,5,美林湖畔花园,三溪,4,1,1,5,550
1646,2010,合,21,17,罗马家园,沥滘,4,1,1,3,600
1647,1680,合,15,5,白云畔山花园,京溪南方医院,4,1,1,3,900
1648,2020,合,12,26,恒城大厦,体育西路,3,1,1,1,350
1649,2270,合,15,17,金迪大厦,杨箕,3,1,1,1,400
1650,1520,合,7,3,骏景花园1,车陂南,4,1,1,4,900
1651,1430,合,5,9,世港国际公寓,磨碟沙,4,1,1,8,600
1652,2260,合,15,4,远洋宿舍,体育西路,4,1,1,1,500
1653,1600,合,11,1,华景公安宿舍,华景路,3,1,1,11,150
1654,1250,合,7,5,金碧花园第一金碧,石溪,3,1,1,-1,400
1655,2200,合,22,8,云景花园云枫苑,京溪南方医院,4,1,1,3,550
1656,1650,合,10,8,金晖花苑,燕塘,4,1,1,3,700
1657,1400,合,8,9,好信广场,东晓南,3,1,1,-1,-1
1658,2120,合,20,12,东尚明苑,黄村（广州）,4,1,1,4,850
1659,2440,合,20,11,光大花园华榕苑,沙园,4,1,1,8,500
1660,1010,合,7,8,东方明珠花苑,白云文化广场,4,1,1,2,550
1661,2060,合,28,11,骏景花园1,车陂南,5,1,1,4,900
1662,2230,合,9,3,嘉裕丹顿阳光,猎德,4,1,1,5,650
1663,1960,合,7,8,新庆花园,猎德,6,1,2,5,950
1664,1900,合,20,6,逸景翠园,鹭江,4,1,1,8,1350
1665,1750,合,19,5,尚领时代,石溪,3,1,1,-1,550
1666,1780,合,11,15,骏景花园1,车陂南,4,1,1,4,900
1667,1620,合,10,15,东尚明苑,黄村（广州）,3,1,1,4,850
1668,1680,合,13,3,罗马家园,沥滘,5,1,2,3,600
1669,1370,合,12,4,旭景家园A区,黄村（广州）,3,1,1,4,800
1670,1680,合,12,3,南园居,琶洲,3,1,1,8,450
1671,1420,合,8,9,叠彩园金桦轩,鹭江,4,1,1,8,1050
1672,1480,合,7,19,鸿富大厦,江南西,4,1,1,2,350
1673,2440,合,22,17,金碧花园第三金碧,石溪,4,1,1,-1,300
1674,1690,合,10,17,金碧花园第三金碧,石溪,4,1,1,-1,300
1675,2040,合,19,3,茶山小区,五山,4,1,1,3,500
1676,1500,合,8,3,美林湖畔花园,三溪,4,1,1,5,550
1677,1620,合,10,8,农垦总局,广州东站,4,1,1,1,1250
1678,2080,合,11,7,紫荆小区海棠阁,广州东站,3,1,1,1,700
1679,1710,合,10,13,富力现代广场,凤凰新村,4,1,1,8,300
1680,1370,合,9,7,美林湖畔花园,三溪,4,1,1,5,550
1681,2100,合,13,7,紫荆小区,广州东站,4,1,1,1,650
1682,2090,合,15,5,东兴南小区,五羊邨,4,1,1,5,400
1683,1870,合,14,4,东晖花园朝阳居,天河公园,3,1,1,21,600
1684,1680,合,19,13,盈彩美居,三溪,3,1,1,5,1150
1685,1790,合,10,6,淘金路56号楼,淘金,4,1,1,5,200
1686,2010,合,13,21,春晖苑,广州东站,4,1,1,1,1000
1687,1810,合,17,2,金碧花园第三金碧,石溪,4,1,1,-1,300
1688,1140,合,9,5,怡港花园,裕丰围,4,1,1,13,600
1689,1070,合,7,2,东怡新区东雅园,番禺广场,4,1,1,3,700
1690,1440,合,8,44,星汇海珠湾,燕岗,5,1,1,11,400
1691,1420,合,8,12,金碧都市广场,石溪,4,1,1,-1,50
1692,1510,合,9,4,汇龙居,赤岗,3,1,1,8,850
1693,1610,合,17,31,侨基花园,市桥,4,1,1,3,650
1694,1630,合,10,11,美好居,车陂,4,1,1,4,200
1695,1580,合,9,8,水荫公安局宿舍,沙河顶,3,1,1,-1,-1
1696,1280,合,5,15,城市假日园,车陂,4,1,1,4,850
1697,2100,合,18,22,兰亭盛荟,东圃,4,1,1,5,650
1698,1470,合,9,6,逸景翠园,鹭江,4,1,1,8,1350
1699,1410,合,6,19,金碧花园第二金碧,石溪,3,1,1,-1,300
1700,1570,合,22,7,东尚明苑,黄村（广州）,4,1,1,4,850
1701,1710,合,12,16,美林湖畔花园,三溪,3,1,1,5,550
1702,2590,合,17,6,鸿运花园,客村,4,1,1,3,350
1703,2150,合,15,3,珠江帝景苑赏湖轩,广州塔,5,1,1,3,550
1704,1380,合,10,11,春江花园,棠东,4,1,1,4,650
1705,2570,合,20,7,美林海岸花园,科韵路,4,1,1,5,650
1706,1680,合,12,8,天成居,车陂南,3,1,1,4,50
1707,1400,合,14,3,景安花园,三溪,5,2,2,5,1650
1708,1590,合,10,1,骏景花园1,车陂南,4,1,1,4,900
1709,1640,合,7,10,金穗大厦,体育西路,5,1,1,1,700
1710,1570,合,9,32,金碧花园第三金碧,石溪,4,1,1,-1,300
1711,1740,合,11,19,骏景花园1,车陂南,4,1,1,4,900
1712,1430,合,13,7,车陂检察院宿舍,车陂,4,1,1,4,500
1713,1880,合,10,2,明月小区明月二路,五羊邨,4,1,1,5,400
1714,1890,合,10,17,东风广场,动物园,3,1,1,5,300
1715,1970,合,18,11,美好居,车陂,3,1,1,4,200
1716,2420,合,18,2,云裳丽影,同和,4,1,1,3,450
1717,1980,合,17,13,兰亭盛荟,东圃,4,1,1,5,650
1718,1600,合,11,1,骏景花园1,车陂南,4,1,1,4,900
1719,1860,合,10,16,华苑大厦,体育西路,4,1,1,1,600
1720,1680,合,8,16,华苑大厦,体育西路,4,1,1,1,600
1721,2280,合,7,31,保利心语花园,猎德,4,1,1,5,350
1722,3280,合,30,6,碧海湾,珠江新城,5,1,1,3,550
1723,1560,合,9,15,城市假日园,车陂,4,1,1,4,850
1724,1410,合,8,2,金碧花园第一金碧,石溪,3,1,1,-1,400
1725,1630,合,13,3,东晖花园朝阳居,天河公园,4,1,1,21,600
1726,1710,合,14,8,美林湖畔花园,三溪,4,1,1,5,550
1727,1150,合,9,4,富力新村,车陂,4,1,1,4,1000
1728,1990,合,14,11,骏景花园1,车陂南,5,1,1,4,900
1729,1750,合,16,3,棠德花苑,棠东,3,1,1,21,650
1730,1620,合,15,20,金碧花园第一金碧,石溪,4,1,1,-1,400
1731,1440,合,9,5,金碧花园第一金碧,石溪,3,1,1,-1,400
1732,1320,合,13,5,民航小区向云西街,飞翔公园,3,1,1,2,650
1733,1520,合,7,2,穗花新村,江南西,4,1,1,2,300
1734,1700,合,14,6,天韵阁,科韵路,3,1,1,5,400
1735,1680,合,8,4,六运小区,体育西路,4,1,1,-1,-1
1736,2330,合,15,5,富力天朗明居S区,车陂,4,1,1,4,350
1737,1270,合,12,11,中兴花园,三溪,5,1,1,5,1400
1738,1840,合,21,3,美景花苑,车陂,4,1,1,4,250
1739,1810,合,14,6,中海康城花园,黄村（广州）,3,1,1,4,450
1740,1390,合,10,2,星晖园,南洲,4,1,1,-1,-1
1741,1470,合,12,10,盈彩美居碧彩轩,三溪,3,1,1,5,1150
1742,1560,合,19,9,天河星作,天河智慧城,4,1,1,21,750
1743,2370,合,18,18,罗马家园,沥滘,4,1,1,3,600
1744,1520,合,8,4,广海花园二期,科韵路,4,1,1,5,950
1745,1840,合,9,21,海运宿舍,五羊邨,3,1,1,5,600
1746,2410,合,24,17,罗马家园,沥滘,4,1,1,3,600
1747,1780,合,9,10,翠湖山庄,天河公园,3,1,1,21,1000
1748,1500,合,9,18,金碧花园第三金碧,石溪,3,1,1,-1,300
1749,1590,合,17,3,东瀚园,番禺广场,4,1,1,3,850
1750,1160,合,10,3,吉祥北街,洛溪,4,1,1,2,200
1751,960,合,6,8,建兴大厦,市桥,4,1,1,-1,-1
1752,1930,合,8,15,银湖大厦,北京路,3,1,1,6,550
1753,1350,合,10,4,新城国际寓,石溪,4,1,1,-1,350
1754,2110,合,23,4,鸿富大厦,江南西,4,1,1,2,350
1755,2230,合,19,6,逸景翠园,鹭江,4,1,1,8,1350
1756,1390,合,10,7,东尚明苑,黄村（广州）,4,1,1,4,850
1757,1690,合,9,22,海珠半岛花园,中大,3,1,1,8,1300
1758,1880,合,11,9,喜洋居,天河公园,4,1,1,21,1050
1759,1940,合,15,5,逸景翠园,鹭江,5,1,1,8,1350
1760,1740,合,9,11,顺景雅苑,中大,4,1,1,8,400
1761,1430,合,7,1,嘉仕花园名仕阁,中大,4,1,1,8,950
1762,1670,合,13,4,穗发花园,中大,3,1,1,8,500
1763,1490,合,9,2,华乐苑(楼梯),鹭江,4,1,1,8,600
1764,2020,合,32,5,昌岗东电信大厦,晓港,4,1,1,8,100
1765,1650,合,11,8,东圃广场,黄村（广州）,4,1,1,4,1000
1766,1470,合,9,6,云景花园云桂苑,京溪南方医院,3,1,1,3,300
1767,1580,合,10,4,华乐苑(楼梯),鹭江,4,1,1,8,600
1768,2240,合,19,18,东翠花园,晓港,4,1,1,-1,-1
1769,2220,合,18,7,美林湖畔花园,三溪,4,1,1,5,550
1770,1570,合,10,2,珠江旭景熙苑,黄村（广州）,4,1,1,4,800
1771,1520,合,11,2,时代玫瑰园二期,黄边,4,1,1,2,400
1772,1700,合,18,6,财政局宿舍,科韵路,4,1,1,5,450
1773,1300,合,7,4,新城国际寓,石溪,4,1,1,-1,350
1774,1320,合,11,7,东尚明苑,黄村（广州）,4,1,1,4,850
1775,1750,合,8,5,愉景南苑,鹭江,4,1,1,8,350
1776,2040,合,18,3,中海康城花园,黄村（广州）,4,1,1,4,450
1777,1210,合,7,14,领汇国际公寓,三溪,4,1,1,5,900
1778,1620,合,8,26,金豪嘉苑,鹭江,4,1,1,8,650
1779,1230,合,8,16,东尚明苑,黄村（广州）,5,1,2,4,850
1780,1000,合,6,31,侨基花园,市桥,4,1,1,3,650
1781,2300,合,20,2,珠江熙苑,车陂,4,1,1,4,700
1782,1510,合,11,2,旭景家园C区,黄村（广州）,3,1,1,4,900
1783,1590,合,11,3,中海康城花园,黄村（广州）,4,1,1,4,450
1784,1640,合,11,3,中海康城花园,黄村（广州）,4,1,1,4,450
1785,1520,合,15,3,景安花园,三溪,5,2,2,5,1650
1786,1350,合,7,1,骏景花园1,车陂南,4,1,1,4,900
1787,1560,合,9,4,绿怡居花园,动物园,4,1,1,5,700
1788,1140,合,12,5,怡港花园,裕丰围,4,1,1,13,600
1789,1840,合,17,8,东尚明苑,黄村（广州）,3,1,1,4,850
1790,1630,合,7,24,瀚林水岸,中大,4,1,1,8,750
1791,2000,合,15,24,瀚林水岸,中大,4,1,1,8,750
1792,1440,合,8,18,罗马家园,沥滘,4,1,1,3,600
1793,2000,合,14,19,珠江帝景苑悦涛轩,广州塔,4,1,1,3,800
1794,1610,合,9,3,玫瑰园,江南西,4,1,1,2,450
1795,1300,合,8,23,锦丽居一期,东晓南,4,1,1,2,300
1796,1430,合,12,12,天雅居A区,黄村（广州）,4,1,1,4,900
1797,1370,合,8,4,福景居,客村,3,1,1,-1,-1
1798,1550,合,8,2,金碧花园第三金碧,石溪,4,1,1,-1,300
1799,1300,合,7,2,金碧花园第三金碧,石溪,4,1,1,-1,300
1800,1020,合,7,17,鸿成花园,市桥,4,1,1,3,550
1801,1710,合,14,3,穗花新村,江南西,4,1,1,2,300
1802,1850,合,14,3,罗马家园,沥滘,5,1,2,3,600
1803,1450,合,14,7,星群药业宿舍,南洲,3,1,1,2,50
1804,1370,合,8,30,金碧花园第三金碧,石溪,4,1,1,-1,300
1805,2140,合,26,11,康盈阁,飞翔公园,5,1,1,2,700
1806,1490,合,9,14,新月明珠花园,大石,5,1,1,3,250
1807,1970,合,29,2,逸景翠园,鹭江,4,1,1,8,1350
1808,1530,合,14,6,麓景东大院,小北,4,1,1,5,600
1809,2500,合,12,25,银汇华庭银汇大厦,华师,3,1,1,3,350
1810,2580,合,14,6,天盛大厦,天河南,3,1,1,-1,350
1811,2200,合,17,10,御华苑,岗顶,3,1,1,3,500
1812,1410,合,10,10,御华苑,岗顶,3,1,1,3,500
1813,1240,合,6,10,华景新城陶然庭园,华景路,4,1,1,11,900
1814,2840,合,30,2,珠江帝景苑倚泓轩,广州塔,5,1,1,3,850
1815,1390,合,7,6,恒福苑恒福西苑,黄花岗,4,1,1,6,750
1816,2790,合,16,17,东风广场,动物园,3,1,1,5,300
1817,1750,合,24,12,美景花苑,车陂,4,1,1,4,250
1818,1700,合,9,18,伟诚广场,天河公园,3,1,1,21,500
1819,1440,合,7,31,中旅侨苑,昌岗,3,1,1,8,500
1820,1290,合,12,3,云和花园,同和,3,1,1,3,500
1821,1560,合,8,12,时代新世界中心,天平架,4,1,1,6,700
1822,1300,合,14,7,民航小区康寿街,飞翔公园,3,1,1,2,1050
1823,1280,合,11,4,民航小区康寿街,飞翔公园,3,1,2,2,1050
1824,1430,合,9,2,骏景花园1,车陂南,4,1,1,4,900
1825,1170,合,11,8,集贤苑,嘉禾望岗,4,1,1,2,1100
1826,1380,合,12,5,侨乐新村,天平架,4,1,1,6,450
1827,1230,合,11,5,云映阁,飞翔公园,3,1,1,2,500
1828,1200,合,12,2,云泉居,黄边,4,1,1,2,600
1829,1230,合,9,15,金迪城市花园,飞翔公园,6,1,2,2,600
1830,1350,合,10,1,广信春兰花园,京溪南方医院,3,1,1,3,100
1831,1190,合,6,9,龙吟居,植物园,4,1,1,6,750
1832,1270,合,18,4,交安大楼,萧岗,5,1,2,2,900
1833,1330,合,11,16,盈彩美居,三溪,4,1,1,5,1150
1834,1470,合,11,6,橡树园,燕塘,3,1,1,3,900
1835,1730,合,18,4,四航局大院,沙河顶,4,1,1,6,650
1836,1480,合,10,9,龙吟居,植物园,4,1,1,6,750
1837,1050,合,8,22,今日丽舍,大石,4,1,1,3,750
1838,1760,合,21,6,小北路小区,小北,4,1,1,13,500
1839,1490,合,11,6,福泉楼,沙河顶,4,1,1,6,600
1840,1790,合,10,3,锦安苑,客村,4,1,1,3,350
1841,1100,合,12,2,儒苑小区,江夏,4,1,1,2,400
1842,1380,合,7,8,时代新世界中心,天平架,4,1,1,6,700
1843,1120,合,7,3,盈彩美居,三溪,4,1,1,5,1150
1844,1470,合,8,28,金碧湾,凤凰新村,4,1,1,8,500
1845,1410,合,12,5,省粮油宿舍,天平架,4,1,1,6,400
1846,1420,合,9,11,荟贤大厦,同福西,4,1,1,8,650
1847,1200,合,8,16,东尚明苑,黄村（广州）,5,1,2,4,850
1848,1400,合,11,2,阳华国花苑,棠东,4,1,1,4,1550
1849,1040,合,8,16,如意中心,洛溪,4,1,1,2,600
1850,1940,合,15,9,龙吟居,植物园,4,1,1,6,750
1851,1800,合,13,7,嘉汇华庭,江南西,4,1,1,2,500
1852,1610,合,10,11,顺景雅苑,中大,4,1,1,8,400
1853,1340,合,8,4,保利世纪绿洲一期,植物园,3,1,1,-1,-1
1854,1420,合,7,20,朗晴居二期,市二宫,4,1,1,-1,-1
1855,1470,合,12,12,梅滨大厦,梅花园,5,1,1,3,700
1856,1280,合,12,3,富和花园,同和,4,1,1,3,350
1857,1480,合,15,12,金迪城市花园,飞翔公园,3,1,1,2,600
1858,1160,合,14,4,云涛花园,同和,4,1,1,3,150
1859,1400,合,9,11,东晓花园,晓港,3,1,1,8,650
1860,1080,合,7,5,乐意居花苑,天河客运站,4,1,1,3,1250
1861,1150,合,8,4,云逸苑,白云文化广场,4,1,1,12,500
1862,1340,合,10,5,省粮油宿舍,天平架,4,1,1,6,400
1863,1320,合,11,3,盈彩美居,三溪,4,1,1,5,1150
1864,1630,合,9,6,南园居,琶洲,3,1,1,8,450
1865,1310,合,11,23,汇和大厦,江夏,3,1,1,2,250
1866,1460,合,12,2,阳华国花苑,棠东,4,1,1,4,1550
1867,1490,合,11,11,荟贤大厦,同福西,4,1,1,8,650
1868,1230,合,8,3,中意花苑,飞翔公园,6,1,2,2,650
1869,1300,合,10,3,五仙花园,天平架,4,1,1,6,850
1870,1740,合,10,24,泓景花园,赤岗,4,1,1,8,700
1871,1480,合,12,4,五星阁,燕塘,4,1,1,3,650
1872,1980,合,16,11,荟贤大厦,同福西,4,1,1,8,650
1873,1420,合,14,3,五仙花园,天平架,4,1,1,6,850
1874,1200,合,7,6,梅宾花园,梅花园,5,1,1,3,600
1875,1170,合,6,11,华景新城逸致居,华景路,4,1,1,11,800
1876,1580,合,12,26,天河峰景,天平架,4,1,1,6,150
1877,1410,合,7,20,元邦明月园,赤岗,4,1,1,8,650
1878,1380,合,10,6,云景花园云桂苑,京溪南方医院,4,1,1,3,300
1879,1640,合,13,5,云裳丽影,同和,4,1,1,3,450
1880,1730,合,16,3,中意花苑,飞翔公园,6,1,2,2,650
1881,1110,合,13,4,石化生活区,文冲,3,1,1,5,350
1882,1690,合,11,12,瑞华大厦,华师,3,1,1,3,250
1883,1570,合,7,6,鸿运花园,客村,4,1,1,3,350
1884,1600,合,14,4,云东小区,同和,3,1,1,3,150
1885,1370,合,14,4,云东小区,同和,3,1,1,3,150
1886,1080,合,9,8,今日丽舍,大石,4,1,1,3,750
1887,1380,合,14,5,百合苑A区,科韵路,4,1,1,5,700
1888,1530,合,11,4,四航局大院,沙河顶,4,1,1,6,650
1889,1340,合,9,4,金坤花园,燕塘,3,1,1,3,800
1890,1720,合,10,6,珠江西苑,广州东站,4,1,1,1,550
1891,1160,合,5,9,江南花园,沙园,3,1,1,8,700
1892,1290,合,12,7,天雅居C区,黄村（广州）,4,1,1,4,1100
1893,1410,合,18,4,东方花园3区,番禺广场,5,1,1,-1,-1
1894,1110,合,15,3,机关村小区,大沙地,4,1,1,5,500
1895,930,合,6,4,雅怡阁,车陂,4,1,1,4,900
1896,1830,合,8,20,天晟明苑,岗顶,3,1,1,3,750
1897,1320,合,9,26,江南花园,沙园,4,1,1,8,700
1898,1580,合,6,23,安骏大厦,潭村,4,1,1,5,700
1899,1200,合,8,8,盈彩美居,三溪,4,1,1,5,1150
1900,1590,合,13,5,世纪绿洲,植物园,4,1,1,-1,-1
1901,1270,合,6,14,兰亭盛荟,东圃,4,1,1,5,650
1902,1210,合,5,7,骏景花园1,车陂南,4,1,1,4,900
1903,1470,合,18,20,雅怡阁,车陂,4,1,1,4,900
1904,2100,合,10,16,南天广场,五羊邨,4,1,1,5,200
1905,1510,合,9,2,逸景翠园,鹭江,4,1,1,8,1350
1906,1020,合,11,3,荔园小区,大沙地,4,1,1,5,450
1907,1290,合,15,2,儒苑小区,江夏,4,1,1,2,400
1908,1270,合,8,5,百合苑A区,科韵路,4,1,1,5,700
1909,1550,合,8,28,时代新世界中心,天平架,5,1,2,6,700
1910,1280,合,9,31,天河广场,车陂,4,1,1,4,800
1911,1700,合,12,3,时尚明苑,车陂,3,1,1,4,100
1912,1450,合,11,11,阳华国花苑,棠东,4,1,1,4,1550
1913,1480,合,6,20,马赛国际公寓,潭村,5,1,1,5,900
1914,1540,合,15,21,天河广场,车陂,4,1,1,4,800
1915,1590,合,9,17,翠湖山庄,天河公园,4,1,1,21,1000
1916,1830,合,12,24,泓景花园,赤岗,4,1,1,8,700
1917,1960,合,12,3,广信晖景大厦,五羊邨,4,1,1,5,400
1918,1250,合,10,7,白云骏景,白云文化广场,4,1,1,2,750
1919,1620,合,6,10,帝景苑,岗顶,3,1,1,3,700
1920,920,合,8,5,石化生活区,文冲,3,1,1,5,350
1921,1650,合,21,11,荟贤大厦,同福西,4,1,1,8,650
1922,2160,合,13,19,骏汇大厦,体育西路,4,1,1,1,150
1923,1490,合,9,10,天鸿阁,燕塘,3,1,1,3,250
1924,1330,合,18,13,银都大厦,市桥,3,1,1,-1,-1
1925,1860,合,10,12,芳草园,华师,3,1,1,3,800
1926,1830,合,16,15,华标广场,华师,4,1,1,3,550
1927,1290,合,12,32,天河广场,车陂,4,1,1,4,800
1928,1370,合,10,12,金迪城市花园,飞翔公园,3,1,1,2,600
1929,1440,合,12,5,穗乐花园,天河公园,4,1,1,5,550
1930,1510,合,16,3,中意花苑,飞翔公园,6,1,2,2,650
1931,1170,合,8,8,侨诚花园秋月苑,东晓南,3,1,1,2,400
1932,1500,合,9,5,华翠苑,沙河顶,3,1,1,6,350
1933,2000,合,17,9,新陶苑,岗顶,4,1,1,3,750
1934,1510,合,10,30,云裳丽影,同和,4,1,1,3,450
1935,1720,合,8,14,深华大厦,五羊邨,3,1,1,5,50
1936,1670,合,13,15,置地广场,市二宫,3,1,1,2,250
1937,2010,合,13,4,文德先生,北京路,3,1,1,6,250
1938,2150,合,20,3,骏景花园1,车陂南,4,1,1,4,900
1939,1350,合,10,5,临江花园,员村,4,1,1,-1,-1
1940,2450,合,20,11,愉景雅苑,鹭江,4,1,1,8,500
1941,1990,合,18,14,旭景家园A区,黄村（广州）,5,1,1,4,800
1942,1110,合,11,4,交安大楼,萧岗,5,1,2,2,900
1943,1550,合,10,4,锦丽居二期,东晓南,4,1,1,2,350
1944,2020,合,14,11,金迪大厦,杨箕,4,1,1,1,400
1945,1330,合,21,10,滨江绿园绿海居,大石,4,1,1,3,950
1946,1870,合,11,3,云鹤园,动物园,4,1,1,5,200
1947,1950,合,11,7,丽园雅庭,客村,3,1,1,3,500
1948,2010,合,13,11,金迪大厦,杨箕,4,1,1,1,400
1949,1500,合,14,6,云景花园云桂苑,京溪南方医院,4,1,1,3,300
1950,1910,合,17,16,永福楼,沙河顶,4,1,1,6,600
1951,1190,合,10,2,滨江绿园绿叶居,大石,4,1,1,-1,-1
1952,1260,合,10,7,白云骏景,白云文化广场,4,1,1,2,750
1953,950,合,7,4,港湾三村,大沙地,3,1,1,5,150
1954,1130,合,9,5,富力新村,车陂,3,1,1,4,1000
1955,1670,合,13,23,坚真花园,大塘,4,1,1,3,650
1956,1980,合,16,6,云景花园云桂苑,京溪南方医院,4,1,1,3,300
1957,1430,合,14,5,美景花苑,车陂,3,1,1,4,250
1958,1270,合,9,8,盈彩美居,三溪,3,1,1,5,1150
1959,1420,合,7,3,骏景花园1,车陂南,4,1,1,4,900
1960,1840,合,14,13,金碧花园第一金碧,石溪,4,1,1,-1,400
1961,1150,合,9,5,云映阁,飞翔公园,3,1,1,2,500
1962,1170,合,10,10,滨江绿园绿海居,大石,4,1,1,3,950
1963,1470,合,7,9,翠湖山庄,天河公园,4,1,1,21,1000
1964,1840,合,16,5,员村公安宿舍,科韵路,3,1,1,5,550
1965,1470,合,8,5,华翠苑,沙河顶,3,1,1,6,350
1966,2080,合,10,14,嘉宝华庭,石牌桥,3,1,1,3,350
1967,2150,合,13,30,马赛国际公寓,潭村,3,1,1,5,900
1968,1510,合,10,5,绿茵翠庭,客村,3,1,1,3,1100
1969,1040,合,13,1,银丰花园,大沙东,4,1,1,5,400
1970,1500,合,7,22,天立俊园,鹭江,4,1,1,3,950
1971,2490,合,18,26,中海名都,市二宫,4,1,1,2,750
1972,1150,合,12,5,石化生活区,文冲,3,1,1,5,350
1973,1340,合,8,4,东和花苑,员村,4,1,1,-1,-1
1974,1270,合,16,12,梅滨大厦,梅花园,5,1,1,3,700
1975,1060,合,8,7,儒苑小区,江夏,4,1,1,2,400
1976,1050,合,8,3,吉祥道小区,洛溪,5,1,1,2,400
1977,2100,合,18,24,泓景花园,赤岗,4,1,1,8,700
1978,1870,合,10,28,泰康城广场,海珠广场,3,1,1,2,250
1979,1170,合,9,4,民航小区康寿街,飞翔公园,3,1,2,2,1050
1980,1690,合,12,14,金昌大厦,昌岗,4,1,1,8,450
1981,3250,合,14,17,丽晶华庭银莱阁,珠江新城,4,1,1,3,500
1982,1930,合,17,8,南兴花园楼梯区,天河客运站,4,1,1,3,950
1983,1550,合,20,11,白云尚城,江夏,4,1,1,2,200
1984,1610,合,9,11,富景花园,中大,3,1,1,8,350
1985,2120,合,17,8,翠城花园,宝岗大道,3,1,1,8,350
1986,2450,合,21,31,时代新世界中心,天平架,4,1,1,6,700
1987,1740,合,13,29,兰亭盛荟,东圃,3,1,1,5,650
1988,1650,合,8,2,电子七所(电梯),客村,4,1,1,3,200
1989,1680,合,11,4,四航局大院,沙河顶,4,1,1,6,650
1990,1280,合,6,16,兰亭盛荟,东圃,4,1,1,5,650
1991,1180,合,13,3,金逸雅居,裕丰围,4,1,1,13,200
1992,1420,合,11,16,盈彩美居,三溪,4,1,1,5,1150
1993,1250,合,8,17,金碧雅苑,黄边,3,1,1,2,450
1994,1050,合,7,4,金碧雅苑,黄边,4,1,1,2,450
1995,1230,合,10,15,金迪城市花园,飞翔公园,6,1,2,2,600
1996,1460,合,17,1,广信春兰花园,京溪南方医院,3,1,1,3,100
1997,3350,合,26,25,跑马地花园,潭村,5,1,1,5,800
1998,1650,合,19,9,永福西约,黄花岗,4,1,1,6,450
1999,1820,合,8,8,华龙大厦,石牌桥,4,1,1,3,50
2000,1460,合,10,8,东圃法院宿舍小区,东圃,4,1,1,5,700
